IdTurma,IdDisciplina,IdProfessor,QtdeMaximaAluno,IdPlanoPagamento,Ementa,ObjGeral,ObjEspecificos,Bibliografia,BibliografiaComplementar,Metodologia,Recursos,FormaDeAvaliacao,ConteudoProgramatico,Competencias,AulasPraticas,DataHoraAlteracao,IdProfessorAlteracao,DataHoraConfirmacao,IdUsuarioConfirmacao,SituacaoPlanoEnsino,DataAula_Inicio,DataAula_Termino,CompetenciasHabilidades,ContribuicaoPerfil,EstrategiaAprendizagem,LeituraComplementar,ArticulacaoOutrasDisciplinas,StGoogleEdu_Sincronizado,GoogleForEducation_LogProcessamento
11,1,13,,,,,,,,,,,,,,,,,,P,,,,,,,,False,
11,4,4,,,,,,,,,,,,,,,,,,P,,,,,,,,False,
11,19,14,,,,,,,,,,,,,,,,,,P,,,,,,,,False,
35,1,1,,,,,,,,,,,,,,,,,,P,,,,,,,,False,
35,4,1,,,,,,,,,,,,,,,,,,P,,,,,,,,False,
35,18,1,,,,,,,,,,,,,,,,,,P,,,,,,,,False,
52,1,13,,,,,,,,,,,,,,,,,,P,,,,,,,,False,
52,4,9,,,,,,,,,,,,,,,,,,P,,,,,,,,False,
52,16,14,,,,,,,,,,,,,,,,,,P,,,,,,,,False,
53,1,2,,,,,,,,,,,,,,,,,,P,,,,,,,,False,
53,4,2,,,,,,,,,,,,,,,,,,P,,,,,,,,False,
53,16,14,,,,,,,,,,,,,,,,,,P,,,,,,,,False,
63,1,13,,,,,,,,,,,,,,,,,,P,,,,,,,,False,
63,4,4,,,,,,,,,,,,,,,,,,P,,,,,,,,False,
63,19,14,,,,,,,,,,,,,,,,,,P,,,,,,,,False,
69,1,13,,,,,,,,,,,,,,,,,,P,,,,,,,,False,
69,4,9,,,,,,,,,,,,,,,,,,P,,,,,,,,False,
69,16,14,,,,,,,,,,,,,,,,,,P,,,,,,,,False,
70,1,12,,,,,,,,,,,,,,,,,,P,,,,,,,,False,
70,4,6,,,,,,,,,,,,,,,,,,P,,,,,,,,False,
70,16,14,,,,,,,,,,,,,,,,,,P,,,,,,,,False,
71,1,12,,,,,,,,,,,,,,,,,,P,,,,,,,,False,
71,4,6,,,,,,,,,,,,,,,,,,P,,,,,,,,False,
71,16,14,,,,,,,,,,,,,,,,,,P,,,,,,,,False,
72,1,12,,,,,,,,,,,,,,,,,,P,,,,,,,,False,
72,4,9,,,,,,,,,,,,,,,,,,P,,,,,,,,False,
72,16,14,,,,,,,,,,,,,,,,,,P,,,,,,,,False,
73,1,12,,,,,,,,,,,,,,,,,,P,,,,,,,,False,
73,4,9,,,,,,,,,,,,,,,,,,P,,,,,,,,False,
73,16,14,,,,,,,,,,,,,,,,,,P,,,,,,,,False,
74,1,12,,,,,,,,,,,,,,,,,,P,,,,,,,,False,
74,4,9,,,,,,,,,,,,,,,,,,P,,,,,,,,False,
74,16,14,,,,,,,,,,,,,,,,,,P,,,,,,,,False,
75,1,12,,,,,,,,,,,,,,,,,,P,,,,,,,,False,
75,4,6,,,,,,,,,,,,,,,,,,P,,,,,,,,False,
75,16,14,,,,,,,,,,,,,,,,,,P,,,,,,,,False,
76,1,12,,,,,,,,,,,,,,,,,,P,,,,,,,,False,
76,4,9,,,,,,,,,,,,,,,,,,P,,,,,,,,False,
76,16,14,,,,,,,,,,,,,,,,,,P,,,,,,,,False,
77,1,12,,,,,,,,,,,,,,,,,,P,,,,,,,,False,
77,4,6,,,,,,,,,,,,,,,,,,P,,,,,,,,False,
77,16,14,,,,,,,,,,,,,,,,,,P,,,,,,,,False,
78,1,5,,,,,,,,,,,,,,,,,,P,,,,,,,,False,
78,4,6,,,,,,,,,,,,,,,,,,P,,,,,,,,False,
78,19,14,,,,,,,,,,,,,,,,,,P,,,,,,,,False,
79,1,13,,,,,,,,,,,,,,,,,,P,,,,,,,,False,
79,4,4,,,,,,,,,,,,,,,,,,P,,,,,,,,False,
79,19,14,,,,,,,,,,,,,,,,,,P,,,,,,,,False,
80,1,5,,,,,,,,,,,,,,,,,,P,,,,,,,,False,
80,4,6,,,,,,,,,,,,,,,,,,P,,,,,,,,False,
80,19,14,,,,,,,,,,,,,,,,,,P,,,,,,,,False,
81,1,5,,,,,,,,,,,,,,,,,,P,,,,,,,,False,
81,4,6,,,,,,,,,,,,,,,,,,P,,,,,,,,False,
81,19,13,,,,,,,,,,,,,,,,,,P,,,,,,,,False,
82,1,3,,,,,,,,,,,,,,,,,,P,,,,,,,,False,
82,4,8,,,,,,,,,,,,,,,,,,P,,,,,,,,False,
82,5,11,,,,,,,,,,,,,,,,,,P,,,,,,,,False,
82,19,13,,,,,,,,,,,,,,,,,,P,,,,,,,,False,
83,1,3,,,,,,,,,,,,,,,,,,P,,,,,,,,False,
83,4,8,,,,,,,,,,,,,,,,,,P,,,,,,,,False,
83,5,11,,,,,,,,,,,,,,,,,,P,,,,,,,,False,
83,19,13,,,,,,,,,,,,,,,,,,P,,,,,,,,False,
84,1,5,,,,,,,,,,,,,,,,,,P,,,,,,,,False,
84,4,8,,,,,,,,,,,,,,,,,,P,,,,,,,,False,
84,5,11,,,,,,,,,,,,,,,,,,P,,,,,,,,False,
84,19,13,,,,,,,,,,,,,,,,,,P,,,,,,,,False,
85,1,5,,,,,,,,,,,,,,,,,,P,,,,,,,,False,
85,4,8,,,,,,,,,,,,,,,,,,P,,,,,,,,False,
85,5,11,,,,,,,,,,,,,,,,,,P,,,,,,,,False,
85,19,13,,,,,,,,,,,,,,,,,,P,,,,,,,,False,
86,1,5,,,,,,,,,,,,,,,,,,P,,,,,,,,False,
86,4,8,,,,,,,,,,,,,,,,,,P,,,,,,,,False,
86,5,11,,,,,,,,,,,,,,,,,,P,,,,,,,,False,
86,19,13,,,,,,,,,,,,,,,,,,P,,,,,,,,False,
87,1,5,,,,,,,,,,,,,,,,,,P,,,,,,,,False,
87,4,8,,,,,,,,,,,,,,,,,,P,,,,,,,,False,
87,5,11,,,,,,,,,,,,,,,,,,P,,,,,,,,False,
87,19,13,,,,,,,,,,,,,,,,,,P,,,,,,,,False,
88,1,5,,,,,,,,,,,,,,,,,,P,,,,,,,,False,
88,4,8,,,,,,,,,,,,,,,,,,P,,,,,,,,False,
88,5,11,,,,,,,,,,,,,,,,,,P,,,,,,,,False,
88,19,13,,,,,,,,,,,,,,,,,,P,,,,,,,,False,
89,1,5,,,,,,,,,,,,,,,,,,P,,,,,,,,False,
89,4,6,,,,,,,,,,,,,,,,,,P,,,,,,,,False,
89,19,13,,,,,,,,,,,,,,,,,,P,,,,,,,,False,
90,1,5,,,,,,,,,,,,,,,,,,P,,,,,,,,False,
90,4,8,,,,,,,,,,,,,,,,,,P,,,,,,,,False,
90,5,11,,,,,,,,,,,,,,,,,,P,,,,,,,,False,
90,19,13,,,,,,,,,,,,,,,,,,P,,,,,,,,False,
91,1,5,,,,,,,,,,,,,,,,,,P,,,,,,,,False,
91,4,8,,,,,,,,,,,,,,,,,,P,,,,,,,,False,
91,5,11,,,,,,,,,,,,,,,,,,P,,,,,,,,False,
91,19,13,,,,,,,,,,,,,,,,,,P,,,,,,,,False,
92,1,13,,,,,,,,,,,,,,,,,,P,,,,,,,,False,
92,4,6,,,,,,,,,,,,,,,,,,P,,,,,,,,False,
92,19,14,,,,,,,,,,,,,,,,,,P,,,,,,,,False,
93,1,5,,,,,,,,,,,,,,,,,,P,,,,,,,,False,
93,4,8,,,,,,,,,,,,,,,,,,P,,,,,,,,False,
93,5,11,,,,,,,,,,,,,,,,,,P,,,,,,,,False,
93,19,13,,,,,,,,,,,,,,,,,,P,,,,,,,,False,
94,1,5,,,,,,,,,,,,,,,,,,P,,,,,,,,False,
94,4,4,,,,,,,,,,,,,,,,,,P,,,,,,,,False,
94,19,13,,,,,,,,,,,,,,,,,,P,,,,,,,,False,
95,1,5,,,,,,,,,,,,,,,,,,P,,,,,,,,False,
95,4,8,,,,,,,,,,,,,,,,,,P,,,,,,,,False,
95,5,11,,,,,,,,,,,,,,,,,,P,,,,,,,,False,
95,19,13,,,,,,,,,,,,,,,,,,P,,,,,,,,False,
96,1,5,,,,,,,,,,,,,,,,,,P,,,,,,,,False,
96,4,4,,,,,,,,,,,,,,,,,,P,,,,,,,,False,
96,19,13,,,,,,,,,,,,,,,,,,P,,,,,,,,False,
97,1,12,,,,,,,,,,,,,,,,,,P,,,,,,,,False,
97,4,6,,,,,,,,,,,,,,,,,,P,,,,,,,,False,
97,19,14,,,,,,,,,,,,,,,,,,P,,,,,,,,False,
98,1,12,,,,,,,,,,,,,,,,,,P,,,,,,,,False,
98,4,6,,,,,,,,,,,,,,,,,,P,,,,,,,,False,
98,19,13,,,,,,,,,,,,,,,,,,P,,,,,,,,False,
99,1,3,,,,,,,,,,,,,,,,,,P,,,,,,,,False,
99,4,8,,,,,,,,,,,,,,,,,,P,,,,,,,,False,
99,5,11,,,,,,,,,,,,,,,,,,P,,,,,,,,False,
99,17,7,,,,,,,,,,,,,,,,,,P,,,,,,,,False,
100,1,12,,,,,,,,,,,,,,,,,,P,,,,,,,,False,
100,4,6,,,,,,,,,,,,,,,,,,P,,,,,,,,False,
100,19,14,,,,,,,,,,,,,,,,,,P,,,,,,,,False,
101,1,5,,,,,,,,,,,,,,,,,,P,,,,,,,,False,
101,4,6,,,,,,,,,,,,,,,,,,P,,,,,,,,False,
101,19,13,,,,,,,,,,,,,,,,,,P,,,,,,,,False,
102,1,5,,,,,,,,,,,,,,,,,,P,,,,,,,,False,
102,4,8,,,,,,,,,,,,,,,,,,P,,,,,,,,False,
102,5,11,,,,,,,,,,,,,,,,,,P,,,,,,,,False,
102,17,7,,,,,,,,,,,,,,,,,,P,,,,,,,,False,
103,1,5,,,,,,,,,,,,,,,,,,P,,,,,,,,False,
103,4,6,,,,,,,,,,,,,,,,,,P,,,,,,,,False,
103,19,14,,,,,,,,,,,,,,,,,,P,,,,,,,,False,
104,1,12,,,,,,,,,,,,,,,,,,P,,,,,,,,False,
104,4,6,,,,,,,,,,,,,,,,,,P,,,,,,,,False,
104,19,14,,,,,,,,,,,,,,,,,,P,,,,,,,,False,
105,1,5,,,,,,,,,,,,,,,,,,P,,,,,,,,False,
105,4,8,,,,,,,,,,,,,,,,,,P,,,,,,,,False,
105,5,11,,,,,,,,,,,,,,,,,,P,,,,,,,,False,
105,17,7,,,,,,,,,,,,,,,,,,P,,,,,,,,False,
106,1,3,,,,,,,,,,,,,,,,,,P,,,,,,,,False,
106,4,6,,,,,,,,,,,,,,,,,,P,,,,,,,,False,
106,5,11,,,,,,,,,,,,,,,,,,P,,,,,,,,False,
106,17,7,,,,,,,,,,,,,,,,,,P,,,,,,,,False,
107,1,3,,,,,,,,,,,,,,,,,,P,,,,,,,,False,
107,4,6,,,,,,,,,,,,,,,,,,P,,,,,,,,False,
107,5,11,,,,,,,,,,,,,,,,,,P,,,,,,,,False,
107,17,7,,,,,,,,,,,,,,,,,,P,,,,,,,,False,
108,1,5,,,,,,,,,,,,,,,,,,P,,,,,,,,False,
108,4,8,,,,,,,,,,,,,,,,,,P,,,,,,,,False,
108,5,11,,,,,,,,,,,,,,,,,,P,,,,,,,,False,
108,17,7,,,,,,,,,,,,,,,,,,P,,,,,,,,False,
109,1,3,,,,,,,,,,,,,,,,,,P,,,,,,,,False,
109,4,8,,,,,,,,,,,,,,,,,,P,,,,,,,,False,
109,5,11,,,,,,,,,,,,,,,,,,P,,,,,,,,False,
109,17,7,,,,,,,,,,,,,,,,,,P,,,,,,,,False,
111,1,3,,,,,,,,,,,,,,,,,,P,,,,,,,,False,
111,4,8,,,,,,,,,,,,,,,,,,P,,,,,,,,False,
111,5,11,,,,,,,,,,,,,,,,,,P,,,,,,,,False,
111,17,7,,,,,,,,,,,,,,,,,,P,,,,,,,,False,
112,1,3,,,,,,,,,,,,,,,,,,P,,,,,,,,False,
112,4,8,,,,,,,,,,,,,,,,,,P,,,,,,,,False,
112,5,11,,,,,,,,,,,,,,,,,,P,,,,,,,,False,
112,17,7,,,,,,,,,,,,,,,,,,P,,,,,,,,False,
113,5,11,,,,,,,,,,,,,,,,,,P,,,,,,,,False,
113,20,7,,,,,,,,,,,,,,,,,,P,,,,,,,,False,
114,1,3,,,,,,,,,,,,,,,,,,P,,,,,,,,False,
114,4,8,,,,,,,,,,,,,,,,,,P,,,,,,,,False,
114,5,11,,,,,,,,,,,,,,,,,,P,,,,,,,,False,
114,17,7,,,,,,,,,,,,,,,,,,P,,,,,,,,False,
115,5,11,,,,,,,,,,,,,,,,,,P,,,,,,,,False,
115,20,7,,,,,,,,,,,,,,,,,,P,,,,,,,,False,
116,5,11,,,,,,,,,,,,,,,,,,P,,,,,,,,False,
116,20,7,,,,,,,,,,,,,,,,,,P,,,,,,,,False,
117,1,3,,,,,,,,,,,,,,,,,,P,,,,,,,,False,
117,4,6,,,,,,,,,,,,,,,,,,P,,,,,,,,False,
117,5,11,,,,,,,,,,,,,,,,,,P,,,,,,,,False,
117,17,7,,,,,,,,,,,,,,,,,,P,,,,,,,,False,
119,1,3,,,,,,,,,,,,,,,,,,P,,,,,,,,False,
119,4,8,,,,,,,,,,,,,,,,,,P,,,,,,,,False,
119,5,11,,,,,,,,,,,,,,,,,,P,,,,,,,,False,
119,17,7,,,,,,,,,,,,,,,,,,P,,,,,,,,False,
120,1,2,,,,,,,,,,,,,,,,,,P,,,,,,,,False,
120,4,2,,,,,,,,,,,,,,,,,,P,,,,,,,,False,
120,16,14,,,,,,,,,,,,,,,,,,P,,,,,,,,False,
121,1,2,,,,,,,,,,,,,,,,,,P,,,,,,,,False,
121,4,2,,,,,,,,,,,,,,,,,,P,,,,,,,,False,
121,16,14,,,,,,,,,,,,,,,,,,P,,,,,,,,False,
122,1,2,,,,,,,,,,,,,,,,,,P,,,,,,,,False,
122,4,2,,,,,,,,,,,,,,,,,,P,,,,,,,,False,
122,16,14,,,,,,,,,,,,,,,,,,P,,,,,,,,False,
123,1,2,,,,,,,,,,,,,,,,,,P,,,,,,,,False,
123,4,2,,,,,,,,,,,,,,,,,,P,,,,,,,,False,
123,16,14,,,,,,,,,,,,,,,,,,P,,,,,,,,False,
124,1,2,,,,,,,,,,,,,,,,,,P,,,,,,,,False,
124,4,2,,,,,,,,,,,,,,,,,,P,,,,,,,,False,
124,16,14,,,,,,,,,,,,,,,,,,P,,,,,,,,False,
125,1,2,,,,,,,,,,,,,,,,,,P,,,,,,,,False,
125,4,2,,,,,,,,,,,,,,,,,,P,,,,,,,,False,
125,16,14,,,,,,,,,,,,,,,,,,P,,,,,,,,False,
126,1,2,,,,,,,,,,,,,,,,,,P,,,,,,,,False,
126,4,2,,,,,,,,,,,,,,,,,,P,,,,,,,,False,
126,16,14,,,,,,,,,,,,,,,,,,P,,,,,,,,False,
127,1,2,,,,,,,,,,,,,,,,,,P,,,,,,,,False,
127,4,2,,,,,,,,,,,,,,,,,,P,,,,,,,,False,
127,16,14,,,,,,,,,,,,,,,,,,P,,,,,,,,False,
128,1,2,,,,,,,,,,,,,,,,,,P,,,,,,,,False,
128,4,2,,,,,,,,,,,,,,,,,,P,,,,,,,,False,
128,16,14,,,,,,,,,,,,,,,,,,P,,,,,,,,False,
129,1,2,,,,,,,,,,,,,,,,,,P,,,,,,,,False,
129,4,2,,,,,,,,,,,,,,,,,,P,,,,,,,,False,
129,16,14,,,,,,,,,,,,,,,,,,P,,,,,,,,False,
130,1,2,,,,,,,,,,,,,,,,,,P,,,,,,,,False,
130,4,2,,,,,,,,,,,,,,,,,,P,,,,,,,,False,
130,16,14,,,,,,,,,,,,,,,,,,P,,,,,,,,False,
132,18,8,,,,,,,,,,,,,,,,,,P,,,,,,,,False,
133,18,9,,,,,,,,,,,,,,,,,,P,,,,,,,,False,
134,18,3,,,,,,,,,,,,,,,,,,P,,,,,,,,False,
136,18,11,,,,,,,,,,,,,,,,,,P,,,,,,,,False,
137,18,2,,,,,,,,,,,,,,,,,,P,,,,,,,,False,
138,18,3,,,,,,,,,,,,,,,,,,P,,,,,,,,False,
140,18,3,,,,,,,,,,,,,,,,,,P,,,,,,,,False,
142,18,3,,,,,,,,,,,,,,,,,,P,,,,,,,,False,
143,18,12,,,,,,,,,,,,,,,,,,P,,,,,,,,False,
144,18,13,,,,,,,,,,,,,,,,,,P,,,,,,,,False,
146,18,6,,,,,,,,,,,,,,,,,,P,,,,,,,,False,
147,1,2,,,,,,,,,,,,,,,,,,P,,,,,,,,False,
147,4,2,,,,,,,,,,,,,,,,,,P,,,,,,,,False,
147,16,14,,,,,,,,,,,,,,,,,,P,,,,,,,,False,
148,1,2,,,,,,,,,,,,,,,,,,P,,,,,,,,False,
148,4,2,,,,,,,,,,,,,,,,,,P,,,,,,,,False,
148,16,14,,,,,,,,,,,,,,,,,,P,,,,,,,,False,
149,1,16,,,,,,,,,,,,,,,,,,P,,,,,,,,False,
149,4,16,,,,,,,,,,,,,,,,,,P,,,,,,,,False,
149,16,14,,,,,,,,,,,,,,,,,,P,,,,,,,,False,
150,1,2,,,,,,,,,,,,,,,,,,P,,,,,,,,False,
150,4,2,,,,,,,,,,,,,,,,,,P,,,,,,,,False,
150,16,14,,,,,,,,,,,,,,,,,,P,,,,,,,,False,
151,1,16,,,,,,,,,,,,,,,,,,P,,,,,,,,False,
151,4,16,,,,,,,,,,,,,,,,,,P,,,,,,,,False,
151,16,14,,,,,,,,,,,,,,,,,,P,,,,,,,,False,
152,1,2,,,,,,,,,,,,,,,,,,P,,,,,,,,False,
152,4,2,,,,,,,,,,,,,,,,,,P,,,,,,,,False,
152,16,14,,,,,,,,,,,,,,,,,,P,,,,,,,,False,
153,1,2,,,,,,,,,,,,,,,,,,P,,,,,,,,False,
153,4,2,,,,,,,,,,,,,,,,,,P,,,,,,,,False,
153,16,14,,,,,,,,,,,,,,,,,,P,,,,,,,,False,
156,1,16,,,,,,,,,,,,,,,,,,P,,,,,,,,False,
156,4,16,,,,,,,,,,,,,,,,,,P,,,,,,,,False,
156,16,14,,,,,,,,,,,,,,,,,,P,,,,,,,,False,
157,1,2,,,,,,,,,,,,,,,,,,P,,,,,,,,False,
157,4,2,,,,,,,,,,,,,,,,,,P,,,,,,,,False,
157,16,14,,,,,,,,,,,,,,,,,,P,,,,,,,,False,
159,1,12,,,,,,,,,,,,,,,,,,P,,,,,,,,False,
159,4,9,,,,,,,,,,,,,,,,,,P,,,,,,,,False,
159,16,13,,,,,,,,,,,,,,,,,,P,,,,,,,,False,
160,1,12,,,,,,,,,,,,,,,,,,P,,,,,,,,False,
160,4,9,,,,,,,,,,,,,,,,,,P,,,,,,,,False,
160,16,13,,,,,,,,,,,,,,,,,,P,,,,,,,,False,
161,1,12,,,,,,,,,,,,,,,,,,P,,,,,,,,False,
161,4,9,,,,,,,,,,,,,,,,,,P,,,,,,,,False,
161,16,13,,,,,,,,,,,,,,,,,,P,,,,,,,,False,
162,1,12,,,,,,,,,,,,,,,,,,P,,,,,,,,False,
162,4,4,,,,,,,,,,,,,,,,,,P,,,,,,,,False,
162,16,14,,,,,,,,,,,,,,,,,,P,,,,,,,,False,
163,1,13,,,,,,,,,,,,,,,,,,P,,,,,,,,False,
163,4,9,,,,,,,,,,,,,,,,,,P,,,,,,,,False,
163,16,13,,,,,,,,,,,,,,,,,,P,,,,,,,,False,
164,1,13,,,,,,,,,,,,,,,,,,P,,,,,,,,False,
164,4,9,,,,,,,,,,,,,,,,,,P,,,,,,,,False,
164,16,13,,,,,,,,,,,,,,,,,,P,,,,,,,,False,
165,1,12,,,,,,,,,,,,,,,,,,P,,,,,,,,False,
165,4,4,,,,,,,,,,,,,,,,,,P,,,,,,,,False,
165,16,14,,,,,,,,,,,,,,,,,,P,,,,,,,,False,
166,1,12,,,,,,,,,,,,,,,,,,P,,,,,,,,False,
166,4,4,,,,,,,,,,,,,,,,,,P,,,,,,,,False,
166,16,14,,,,,,,,,,,,,,,,,,P,,,,,,,,False,
167,1,12,,,,,,,,,,,,,,,,,,P,,,,,,,,False,
167,4,4,,,,,,,,,,,,,,,,,,P,,,,,,,,False,
167,16,14,,,,,,,,,,,,,,,,,,P,,,,,,,,False,
168,1,12,,,,,,,,,,,,,,,,,,P,,,,,,,,False,
168,4,4,,,,,,,,,,,,,,,,,,P,,,,,,,,False,
168,16,14,,,,,,,,,,,,,,,,,,P,,,,,,,,False,
169,1,12,,,,,,,,,,,,,,,,,,P,,,,,,,,False,
169,4,6,,,,,,,,,,,,,,,,,,P,,,,,,,,False,
169,19,13,,,,,,,,,,,,,,,,,,P,,,,,,,,False,
170,1,12,,,,,,,,,,,,,,,,,,P,,,,,,,,False,
170,4,6,,,,,,,,,,,,,,,,,,P,,,,,,,,False,
170,19,13,,,,,,,,,,,,,,,,,,P,,,,,,,,False,
172,1,5,,,,,,,,,,,,,,,,,,P,,,,,,,,False,
172,4,6,,,,,,,,,,,,,,,,,,P,,,,,,,,False,
172,19,7,,,,,,,,,,,,,,,,,,P,,,,,,,,False,
174,1,12,,,,,,,,,,,,,,,,,,P,,,,,,,,False,
174,4,6,,,,,,,,,,,,,,,,,,P,,,,,,,,False,
174,19,13,,,,,,,,,,,,,,,,,,P,,,,,,,,False,
177,1,12,,,,,,,,,,,,,,,,,,P,,,,,,,,False,
177,4,6,,,,,,,,,,,,,,,,,,P,,,,,,,,False,
177,19,13,,,,,,,,,,,,,,,,,,P,,,,,,,,False,
178,1,5,,,,,,,,,,,,,,,,,,P,,,,,,,,False,
178,4,6,,,,,,,,,,,,,,,,,,P,,,,,,,,False,
178,19,7,,,,,,,,,,,,,,,,,,P,,,,,,,,False,
179,1,12,,,,,,,,,,,,,,,,,,P,,,,,,,,False,
179,4,6,,,,,,,,,,,,,,,,,,P,,,,,,,,False,
179,19,13,,,,,,,,,,,,,,,,,,P,,,,,,,,False,
180,1,12,,,,,,,,,,,,,,,,,,P,,,,,,,,False,
180,4,6,,,,,,,,,,,,,,,,,,P,,,,,,,,False,
180,19,13,,,,,,,,,,,,,,,,,,P,,,,,,,,False,
181,1,12,,,,,,,,,,,,,,,,,,P,,,,,,,,False,
181,4,6,,,,,,,,,,,,,,,,,,P,,,,,,,,False,
181,19,7,,,,,,,,,,,,,,,,,,P,,,,,,,,False,
183,1,12,,,,,,,,,,,,,,,,,,P,,,,,,,,False,
183,4,6,,,,,,,,,,,,,,,,,,P,,,,,,,,False,
183,19,13,,,,,,,,,,,,,,,,,,P,,,,,,,,False,
185,1,5,,,,,,,,,,,,,,,,,,P,,,,,,,,False,
185,4,8,,,,,,,,,,,,,,,,,,P,,,,,,,,False,
185,19,7,,,,,,,,,,,,,,,,,,P,,,,,,,,False,
186,1,5,,,,,,,,,,,,,,,,,,P,,,,,,,,False,
186,4,8,,,,,,,,,,,,,,,,,,P,,,,,,,,False,
186,19,7,,,,,,,,,,,,,,,,,,P,,,,,,,,False,
187,1,5,,,,,,,,,,,,,,,,,,P,,,,,,,,False,
187,4,8,,,,,,,,,,,,,,,,,,P,,,,,,,,False,
187,19,7,,,,,,,,,,,,,,,,,,P,,,,,,,,False,
188,1,5,,,,,,,,,,,,,,,,,,P,,,,,,,,False,
188,4,8,,,,,,,,,,,,,,,,,,P,,,,,,,,False,
188,19,7,,,,,,,,,,,,,,,,,,P,,,,,,,,False,
189,1,5,,,,,,,,,,,,,,,,,,P,,,,,,,,False,
189,4,8,,,,,,,,,,,,,,,,,,P,,,,,,,,False,
189,19,7,,,,,,,,,,,,,,,,,,P,,,,,,,,False,
190,1,5,,,,,,,,,,,,,,,,,,P,,,,,,,,False,
190,4,8,,,,,,,,,,,,,,,,,,P,,,,,,,,False,
190,19,7,,,,,,,,,,,,,,,,,,P,,,,,,,,False,
193,1,5,,,,,,,,,,,,,,,,,,P,,,,,,,,False,
193,4,8,,,,,,,,,,,,,,,,,,P,,,,,,,,False,
193,19,7,,,,,,,,,,,,,,,,,,P,,,,,,,,False,
194,1,5,,,,,,,,,,,,,,,,,,P,,,,,,,,False,
194,4,8,,,,,,,,,,,,,,,,,,P,,,,,,,,False,
194,19,7,,,,,,,,,,,,,,,,,,P,,,,,,,,False,
199,1,3,,,,,,,,,,,,,,,,,,P,,,,,,,,False,
199,4,6,,,,,,,,,,,,,,,,,,P,,,,,,,,False,
199,17,7,,,,,,,,,,,,,,,,,,P,,,,,,,,False,
200,1,3,,,,,,,,,,,,,,,,,,P,,,,,,,,False,
200,4,6,,,,,,,,,,,,,,,,,,P,,,,,,,,False,
200,17,7,,,,,,,,,,,,,,,,,,P,,,,,,,,False,
201,1,3,,,,,,,,,,,,,,,,,,P,,,,,,,,False,
201,4,6,,,,,,,,,,,,,,,,,,P,,,,,,,,False,
201,17,7,,,,,,,,,,,,,,,,,,P,,,,,,,,False,
202,1,3,,,,,,,,,,,,,,,,,,P,,,,,,,,False,
202,4,6,,,,,,,,,,,,,,,,,,P,,,,,,,,False,
202,17,7,,,,,,,,,,,,,,,,,,P,,,,,,,,False,
203,1,5,,,,,,,,,,,,,,,,,,P,,,,,,,,False,
203,4,8,,,,,,,,,,,,,,,,,,P,,,,,,,,False,
203,17,7,,,,,,,,,,,,,,,,,,P,,,,,,,,False,
205,1,5,,,,,,,,,,,,,,,,,,P,,,,,,,,False,
205,4,8,,,,,,,,,,,,,,,,,,P,,,,,,,,False,
205,17,7,,,,,,,,,,,,,,,,,,P,,,,,,,,False,
207,1,5,,,,,,,,,,,,,,,,,,P,,,,,,,,False,
207,4,8,,,,,,,,,,,,,,,,,,P,,,,,,,,False,
207,17,7,,,,,,,,,,,,,,,,,,P,,,,,,,,False,
208,1,21,,,,,,,,,,,,,,,,,,P,,,,,,,,False,
208,4,6,,,,,,,,,,,,,,,,,,P,,,,,,,,False,
208,17,7,,,,,,,,,,,,,,,,,,P,,,,,,,,False,
210,1,21,,,,,,,,,,,,,,,,,,P,,,,,,,,False,
210,4,6,,,,,,,,,,,,,,,,,,P,,,,,,,,False,
210,17,7,,,,,,,,,,,,,,,,,,P,,,,,,,,False,
213,18,8,,,,,,,,,,,,,,,,,,P,,,,,,,,False,
214,18,9,,,,,,,,,,,,,,,,,,P,,,,,,,,False,
216,18,5,,,,,,,,,,,,,,,,,,P,,,,,,,,False,
219,18,2,,,,,,,,,,,,,,,,,,P,,,,,,,,False,
222,18,3,,,,,,,,,,,,,,,,,,P,,,,,,,,False,
223,18,12,,,,,,,,,,,,,,,,,,P,,,,,,,,False,
224,18,13,,,,,,,,,,,,,,,,,,P,,,,,,,,False,
226,18,6,,,,,,,,,,,,,,,,,,P,,,,,,,,False,
227,18,11,,,,,,,,,,,,,,,,,,P,,,,,,,,False,
228,18,11,,,,,,,,,,,,,,,,,,P,,,,,,,,False,
229,18,8,,,,,,,,,,,,,,,,,,P,,,,,,,,False,
230,18,11,,,,,,,,,,,,,,,,,,P,,,,,,,,False,
231,1,3,,,,,,,,,,,,,,,,,,P,,,,,,,,False,
231,4,8,,,,,,,,,,,,,,,,,,P,,,,,,,,False,
231,5,11,,,,,,,,,,,,,,,,,,P,,,,,,,,False,
231,17,7,,,,,,,,,,,,,,,,,,P,,,,,,,,False,
234,5,11,,,,,,,,,,,,,,,,,,P,,,,,,,,False,
235,1,16,,,,,,,,,,,,,,,,,,P,,,,,,,,False,
235,4,16,,,,,,,,,,,,,,,,,,P,,,,,,,,False,
235,16,14,,,,,,,,,,,,,,,,,,P,,,,,,,,False,
236,1,2,,,,,,,,,,,,,,,,,,P,,,,,,,,False,
236,4,2,,,,,,,,,,,,,,,,,,P,,,,,,,,False,
236,16,14,,,,,,,,,,,,,,,,,,P,,,,,,,,False,
237,1,16,,,,,,,,,,,,,,,,,,P,,,,,,,,False,
237,4,16,,,,,,,,,,,,,,,,,,P,,,,,,,,False,
237,16,14,,,,,,,,,,,,,,,,,,P,,,,,,,,False,
238,1,2,,,,,,,,,,,,,,,,,,P,,,,,,,,False,
238,4,2,,,,,,,,,,,,,,,,,,P,,,,,,,,False,
238,16,14,,,,,,,,,,,,,,,,,,P,,,,,,,,False,
239,1,16,,,,,,,,,,,,,,,,,,P,,,,,,,,False,
239,4,16,,,,,,,,,,,,,,,,,,P,,,,,,,,False,
239,16,14,,,,,,,,,,,,,,,,,,P,,,,,,,,False,
240,1,2,,,,,,,,,,,,,,,,,,P,,,,,,,,False,
240,4,2,,,,,,,,,,,,,,,,,,P,,,,,,,,False,
240,16,14,,,,,,,,,,,,,,,,,,P,,,,,,,,False,
241,1,16,,,,,,,,,,,,,,,,,,P,,,,,,,,False,
241,4,16,,,,,,,,,,,,,,,,,,P,,,,,,,,False,
241,16,14,,,,,,,,,,,,,,,,,,P,,,,,,,,False,
242,1,5,,,,,,,,,,,,,,,,,,P,,,,,,,,False,
242,4,8,,,,,,,,,,,,,,,,,,P,,,,,,,,False,
242,19,7,,,,,,,,,,,,,,,,,,P,,,,,,,,False,
243,1,5,,,,,,,,,,,,,,,,,,P,,,,,,,,False,
243,4,8,,,,,,,,,,,,,,,,,,P,,,,,,,,False,
243,17,7,,,,,,,,,,,,,,,,,,P,,,,,,,,False,
244,1,13,,,,,,,,,,,,,,,,,,P,,,,,,,,False,
244,4,9,,,,,,,,,,,,,,,,,,P,,,,,,,,False,
244,16,13,,,,,,,,,,,,,,,,,,P,,,,,,,,False,
247,1,12,,,,,,,,,,,,,,,,,,P,,,,,,,,False,
247,4,6,,,,,,,,,,,,,,,,,,P,,,,,,,,False,
247,19,7,,,,,,,,,,,,,,,,,,P,,,,,,,,False,
248,1,12,,,,,,,,,,,,,,,,,,P,,,,,,,,False,
248,4,9,,,,,,,,,,,,,,,,,,P,,,,,,,,False,
248,16,13,,,,,,,,,,,,,,,,,,P,,,,,,,,False,
249,1,5,,,,,,,,,,,,,,,,,,P,,,,,,,,False,
249,4,8,,,,,,,,,,,,,,,,,,P,,,,,,,,False,
249,17,7,,,,,,,,,,,,,,,,,,P,,,,,,,,False,
251,1,12,,,,,,,,,,,,,,,,,,P,,,,,,,,False,
251,4,9,,,,,,,,,,,,,,,,,,P,,,,,,,,False,
251,16,13,,,,,,,,,,,,,,,,,,P,,,,,,,,False,
255,1,3,,,,,,,,,,,,,,,,,,P,,,,,,,,False,
255,4,8,,,,,,,,,,,,,,,,,,P,,,,,,,,False,
255,17,7,,,,,,,,,,,,,,,,,,P,,,,,,,,False,
256,1,5,,,,,,,,,,,,,,,,,,P,,,,,,,,False,
256,4,8,,,,,,,,,,,,,,,,,,P,,,,,,,,False,
256,19,7,,,,,,,,,,,,,,,,,,P,,,,,,,,False,
257,1,12,,,,,,,,,,,,,,,,,,P,,,,,,,,False,
257,4,4,,,,,,,,,,,,,,,,,,P,,,,,,,,False,
257,16,14,,,,,,,,,,,,,,,,,,P,,,,,,,,False,
266,1,5,,,,,,,,,,,,,,,,,,P,,,,,,,,False,
266,4,8,,,,,,,,,,,,,,,,,,P,,,,,,,,False,
266,17,7,,,,,,,,,,,,,,,,,,P,,,,,,,,False,
267,1,12,,,,,,,,,,,,,,,,,,P,,,,,,,,False,
267,4,9,,,,,,,,,,,,,,,,,,P,,,,,,,,False,
267,16,13,,,,,,,,,,,,,,,,,,P,,,,,,,,False,
273,5,11,,,,,,,,,,,,,,,,,,P,,,,,,,,False,
274,5,11,,,,,,,,,,,,,,,,,,P,,,,,,,,False,
275,5,11,,,,,,,,,,,,,,,,,,P,,,,,,,,False,
276,5,11,,,,,,,,,,,,,,,,,,P,,,,,,,,False,
277,5,11,,,,,,,,,,,,,,,,,,P,,,,,,,,False,
278,5,11,,,,,,,,,,,,,,,,,,P,,,,,,,,False,
281,5,11,,,,,,,,,,,,,,,,,,P,,,,,,,,False,
283,5,11,,,,,,,,,,,,,,,,,,P,,,,,,,,False,
285,5,11,,,,,,,,,,,,,,,,,,P,,,,,,,,False,
286,5,11,,,,,,,,,,,,,,,,,,P,,,,,,,,False,
289,5,11,,,,,,,,,,,,,,,,,,P,,,,,,,,False,
291,5,11,,,,,,,,,,,,,,,,,,P,,,,,,,,False,
295,5,11,,,,,,,,,,,,,,,,,,P,,,,,,,,False,
297,5,11,,,,,,,,,,,,,,,,,,P,,,,,,,,False,
300,5,11,,,,,,,,,,,,,,,,,,P,,,,,,,,False,
303,5,11,,,,,,,,,,,,,,,,,,P,,,,,,,,False,
409,1,21,,,,,,,,,,,,,,,,,,P,,,,,,,,False,
409,4,8,,,,,,,,,,,,,,,,,,P,,,,,,,,False,
409,17,7,,,,,,,,,,,,,,,,,,P,,,,,,,,False,
410,1,2,,,,,,,,,,,,,,,,,,P,,,,,,,,False,
410,4,2,,,,,,,,,,,,,,,,,,P,,,,,,,,False,
410,16,13,,,,,,,,,,,,,,,,,,P,,,,,,,,False,
411,1,2,,,,,,,,,,,,,,,,,,P,,,,,,,,False,
411,4,2,,,,,,,,,,,,,,,,,,P,,,,,,,,False,
411,16,14,,,,,,,,,,,,,,,,,,P,,,,,,,,False,
412,1,2,,,,,,,,,,,,,,,,,,P,,,,,,,,False,
412,4,2,,,,,,,,,,,,,,,,,,P,,,,,,,,False,
412,16,14,,,,,,,,,,,,,,,,,,P,,,,,,,,False,
414,1,13,,,,,,,,,,,,,,,,,,P,,,,,,,,False,
414,4,6,,,,,,,,,,,,,,,,,,P,,,,,,,,False,
414,16,13,,,,,,,,,,,,,,,,,,P,,,,,,,,False,
415,1,12,,,,,,,,,,,,,,,,,,P,,,,,,,,False,
415,4,6,,,,,,,,,,,,,,,,,,P,,,,,,,,False,
415,19,13,,,,,,,,,,,,,,,,,,P,,,,,,,,False,
416,1,5,,,,,,,,,,,,,,,,,,P,,,,,,,,False,
416,4,8,,,,,,,,,,,,,,,,,,P,,,,,,,,False,
416,19,7,,,,,,,,,,,,,,,,,,P,,,,,,,,False,
418,1,2,,,,,,,,,,,,,,,,,,P,,,,,,,,False,
418,4,2,,,,,,,,,,,,,,,,,,P,,,,,,,,False,
418,16,14,,,,,,,,,,,,,,,,,,P,,,,,,,,False,
419,1,5,,,,,,,,,,,,,,,,,,P,,,,,,,,False,
419,4,8,,,,,,,,,,,,,,,,,,P,,,,,,,,False,
419,19,7,,,,,,,,,,,,,,,,,,P,,,,,,,,False,
420,1,16,,,,,,,,,,,,,,,,,,P,,,,,,,,False,
420,4,16,,,,,,,,,,,,,,,,,,P,,,,,,,,False,
420,16,14,,,,,,,,,,,,,,,,,,P,,,,,,,,False,
421,1,16,,,,,,,,,,,,,,,,,,P,,,,,,,,False,
421,4,16,,,,,,,,,,,,,,,,,,P,,,,,,,,False,
421,16,14,,,,,,,,,,,,,,,,,,P,,,,,,,,False,
422,1,16,,,,,,,,,,,,,,,,,,P,,,,,,,,False,
422,4,16,,,,,,,,,,,,,,,,,,P,,,,,,,,False,
422,16,14,,,,,,,,,,,,,,,,,,P,,,,,,,,False,
423,5,11,,,,,,,,,,,,,,,,,,P,,,,,,,,False,
424,5,11,,,,,,,,,,,,,,,,,,P,,,,,,,,False,
425,5,11,,,,,,,,,,,,,,,,,,P,,,,,,,,False,
426,18,16,,,,,,,,,,,,,,,,,,P,,,,,,,,False,
427,18,2,,,,,,,,,,,,,,,,,,P,,,,,,,,False,
428,18,16,,,,,,,,,,,,,,,,,,P,,,,,,,,False,
429,18,12,,,,,,,,,,,,,,,,,,P,,,,,,,,False,
430,18,9,,,,,,,,,,,,,,,,,,P,,,,,,,,False,
431,18,13,,,,,,,,,,,,,,,,,,P,,,,,,,,False,
433,18,5,,,,,,,,,,,,,,,,,,P,,,,,,,,False,
436,18,2,,,,,,,,,,,,,,,,,,P,,,,,,,,False,
437,18,2,,,,,,,,,,,,,,,,,,P,,,,,,,,False,
438,18,16,,,,,,,,,,,,,,,,,,P,,,,,,,,False,
439,18,16,,,,,,,,,,,,,,,,,,P,,,,,,,,False,
440,18,11,,,,,,,,,,,,,,,,,,P,,,,,,,,False,
441,18,8,,,,,,,,,,,,,,,,,,P,,,,,,,,False,
442,18,8,,,,,,,,,,,,,,,,,,P,,,,,,,,False,
443,18,5,,,,,,,,,,,,,,,,,,P,,,,,,,,False,
444,18,6,,,,,,,,,,,,,,,,,,P,,,,,,,,False,
445,18,6,,,,,,,,,,,,,,,,,,P,,,,,,,,False,
446,18,11,,,,,,,,,,,,,,,,,,P,,,,,,,,False,
447,18,11,,,,,,,,,,,,,,,,,,P,,,,,,,,False,
448,18,11,,,,,,,,,,,,,,,,,,P,,,,,,,,False,
449,18,11,,,,,,,,,,,,,,,,,,P,,,,,,,,False,
450,18,11,,,,,,,,,,,,,,,,,,P,,,,,,,,False,
452,5,11,,,,,,,,,,,,,,,,,,P,,,,,,,,False,
453,1,21,,,,,,,,,,,,,,,,,,P,,,,,,,,False,
453,4,8,,,,,,,,,,,,,,,,,,P,,,,,,,,False,
453,17,7,,,,,,,,,,,,,,,,,,P,,,,,,,,False,
454,18,20,,,,,,,,,,,,,,,,,,P,,,,,,,,False,
455,18,20,,,,,,,,,,,,,,,,,,P,,,,,,,,False,
456,18,20,,,,,,,,,,,,,,,,,,P,,,,,,,,False,
457,1,2,,,,,,,,,,,,,,,,,,P,,,,,,,,False,
457,4,2,,,,,,,,,,,,,,,,,,P,,,,,,,,False,
457,16,14,,,,,,,,,,,,,,,,,,P,,,,,,,,False,
458,1,2,,,,,,,,,,,,,,,,,,P,,,,,,,,False,
458,4,2,,,,,,,,,,,,,,,,,,P,,,,,,,,False,
458,16,14,,,,,,,,,,,,,,,,,,P,,,,,,,,False,
459,1,16,,,,,,,,,,,,,,,,,,P,,,,,,,,False,
459,4,16,,,,,,,,,,,,,,,,,,P,,,,,,,,False,
459,16,14,,,,,,,,,,,,,,,,,,P,,,,,,,,False,
460,1,2,,,,,,,,,,,,,,,,,,P,,,,,,,,False,
460,4,2,,,,,,,,,,,,,,,,,,P,,,,,,,,False,
460,16,14,,,,,,,,,,,,,,,,,,P,,,,,,,,False,
461,1,16,,,,,,,,,,,,,,,,,,P,,,,,,,,False,
461,4,16,,,,,,,,,,,,,,,,,,P,,,,,,,,False,
461,16,14,,,,,,,,,,,,,,,,,,P,,,,,,,,False,
462,1,2,,,,,,,,,,,,,,,,,,P,,,,,,,,False,
462,4,2,,,,,,,,,,,,,,,,,,P,,,,,,,,False,
462,16,13,,,,,,,,,,,,,,,,,,P,,,,,,,,False,
463,1,2,,,,,,,,,,,,,,,,,,P,,,,,,,,False,
463,4,2,,,,,,,,,,,,,,,,,,P,,,,,,,,False,
463,16,14,,,,,,,,,,,,,,,,,,P,,,,,,,,False,
464,1,16,,,,,,,,,,,,,,,,,,P,,,,,,,,False,
464,4,16,,,,,,,,,,,,,,,,,,P,,,,,,,,False,
464,16,14,,,,,,,,,,,,,,,,,,P,,,,,,,,False,
465,1,2,,,,,,,,,,,,,,,,,,P,,,,,,,,False,
465,4,2,,,,,,,,,,,,,,,,,,P,,,,,,,,False,
465,16,14,,,,,,,,,,,,,,,,,,P,,,,,,,,False,
466,1,29,,,,,,,,,,,,,,,,,,P,,,,,,,,False,
466,4,9,,,,,,,,,,,,,,,,,,P,,,,,,,,False,
466,19,14,,,,,,,,,,,,,,,,,,P,,,,,,,,False,
467,1,12,,,,,,,,,,,,,,,,,,P,,,,,,,,False,
467,4,9,,,,,,,,,,,,,,,,,,P,,,,,,,,False,
467,19,14,,,,,,,,,,,,,,,,,,P,,,,,,,,False,
468,1,29,,,,,,,,,,,,,,,,,,P,,,,,,,,False,
468,4,9,,,,,,,,,,,,,,,,,,P,,,,,,,,False,
468,19,14,,,,,,,,,,,,,,,,,,P,,,,,,,,False,
470,1,12,,,,,,,,,,,,,,,,,,P,,,,,,,,False,
470,4,6,,,,,,,,,,,,,,,,,,P,,,,,,,,False,
470,19,13,,,,,,,,,,,,,,,,,,P,,,,,,,,False,
471,1,12,,,,,,,,,,,,,,,,,,P,,,,,,,,False,
471,4,9,,,,,,,,,,,,,,,,,,P,,,,,,,,False,
471,19,14,,,,,,,,,,,,,,,,,,P,,,,,,,,False,
472,1,12,,,,,,,,,,,,,,,,,,P,,,,,,,,False,
472,4,6,,,,,,,,,,,,,,,,,,P,,,,,,,,False,
472,19,13,,,,,,,,,,,,,,,,,,P,,,,,,,,False,
473,1,12,,,,,,,,,,,,,,,,,,P,,,,,,,,False,
473,4,6,,,,,,,,,,,,,,,,,,P,,,,,,,,False,
473,19,13,,,,,,,,,,,,,,,,,,P,,,,,,,,False,
474,1,12,,,,,,,,,,,,,,,,,,P,,,,,,,,False,
474,4,6,,,,,,,,,,,,,,,,,,P,,,,,,,,False,
474,19,13,,,,,,,,,,,,,,,,,,P,,,,,,,,False,
475,1,12,,,,,,,,,,,,,,,,,,P,,,,,,,,False,
475,4,6,,,,,,,,,,,,,,,,,,P,,,,,,,,False,
475,19,13,,,,,,,,,,,,,,,,,,P,,,,,,,,False,
476,1,12,,,,,,,,,,,,,,,,,,P,,,,,,,,False,
476,4,6,,,,,,,,,,,,,,,,,,P,,,,,,,,False,
476,24,13,,,,,,,,,,,,,,,,,,P,,,,,,,,False,
477,1,12,,,,,,,,,,,,,,,,,,P,,,,,,,,False,
477,4,6,,,,,,,,,,,,,,,,,,P,,,,,,,,False,
477,24,13,,,,,,,,,,,,,,,,,,P,,,,,,,,False,
478,1,12,,,,,,,,,,,,,,,,,,P,,,,,,,,False,
478,4,6,,,,,,,,,,,,,,,,,,P,,,,,,,,False,
478,24,13,,,,,,,,,,,,,,,,,,P,,,,,,,,False,
479,1,12,,,,,,,,,,,,,,,,,,P,,,,,,,,False,
479,4,6,,,,,,,,,,,,,,,,,,P,,,,,,,,False,
479,24,13,,,,,,,,,,,,,,,,,,P,,,,,,,,False,
480,1,12,,,,,,,,,,,,,,,,,,P,,,,,,,,False,
480,4,6,,,,,,,,,,,,,,,,,,P,,,,,,,,False,
480,24,13,,,,,,,,,,,,,,,,,,P,,,,,,,,False,
481,1,30,,,,,,,,,,,,,,,,,,P,,,,,,,,False,
481,4,6,,,,,,,,,,,,,,,,,,P,,,,,,,,False,
481,24,13,,,,,,,,,,,,,,,,,,P,,,,,,,,False,
482,1,12,,,,,,,,,,,,,,,,,,P,,,,,,,,False,
482,4,6,,,,,,,,,,,,,,,,,,P,,,,,,,,False,
482,24,13,,,,,,,,,,,,,,,,,,P,,,,,,,,False,
483,1,30,,,,,,,,,,,,,,,,,,P,,,,,,,,False,
483,4,6,,,,,,,,,,,,,,,,,,P,,,,,,,,False,
483,24,13,,,,,,,,,,,,,,,,,,P,,,,,,,,False,
484,1,12,,,,,,,,,,,,,,,,,,P,,,,,,,,False,
484,4,6,,,,,,,,,,,,,,,,,,P,,,,,,,,False,
484,24,13,,,,,,,,,,,,,,,,,,P,,,,,,,,False,
485,1,12,,,,,,,,,,,,,,,,,,P,,,,,,,,False,
485,4,6,,,,,,,,,,,,,,,,,,P,,,,,,,,False,
485,24,13,,,,,,,,,,,,,,,,,,P,,,,,,,,False,
486,1,30,,,,,,,,,,,,,,,,,,P,,,,,,,,False,
486,4,8,,,,,,,,,,,,,,,,,,P,,,,,,,,False,
486,21,9,,,,,,,,,,,,,,,,,,P,,,,,,,,False,
487,1,5,,,,,,,,,,,,,,,,,,P,,,,,,,,False,
487,4,8,,,,,,,,,,,,,,,,,,P,,,,,,,,False,
487,21,9,,,,,,,,,,,,,,,,,,P,,,,,,,,False,
488,1,5,,,,,,,,,,,,,,,,,,P,,,,,,,,False,
488,4,8,,,,,,,,,,,,,,,,,,P,,,,,,,,False,
488,21,9,,,,,,,,,,,,,,,,,,P,,,,,,,,False,
489,1,5,,,,,,,,,,,,,,,,,,P,,,,,,,,False,
489,4,8,,,,,,,,,,,,,,,,,,P,,,,,,,,False,
489,21,9,,,,,,,,,,,,,,,,,,P,,,,,,,,False,
490,1,5,,,,,,,,,,,,,,,,,,P,,,,,,,,False,
490,4,8,,,,,,,,,,,,,,,,,,P,,,,,,,,False,
490,21,9,,,,,,,,,,,,,,,,,,P,,,,,,,,False,
491,1,5,,,,,,,,,,,,,,,,,,P,,,,,,,,False,
491,4,8,,,,,,,,,,,,,,,,,,P,,,,,,,,False,
491,21,9,,,,,,,,,,,,,,,,,,P,,,,,,,,False,
492,1,5,,,,,,,,,,,,,,,,,,P,,,,,,,,False,
492,4,8,,,,,,,,,,,,,,,,,,P,,,,,,,,False,
492,21,9,,,,,,,,,,,,,,,,,,P,,,,,,,,False,
493,1,5,,,,,,,,,,,,,,,,,,P,,,,,,,,False,
493,4,8,,,,,,,,,,,,,,,,,,P,,,,,,,,False,
493,21,9,,,,,,,,,,,,,,,,,,P,,,,,,,,False,
497,1,3,,,,,,,,,,,,,,,,,,P,,,,,,,,False,
497,4,4,,,,,,,,,,,,,,,,,,P,,,,,,,,False,
497,23,26,,,,,,,,,,,,,,,,,,P,,,,,,,,False,
497,25,26,,,,,,,,,,,,,,,,,,P,,,,,,,,False,
498,1,3,,,,,,,,,,,,,,,,,,P,,,,,,,,False,
498,4,4,,,,,,,,,,,,,,,,,,P,,,,,,,,False,
498,23,26,,,,,,,,,,,,,,,,,,P,,,,,,,,False,
498,25,26,,,,,,,,,,,,,,,,,,P,,,,,,,,False,
499,1,3,,,,,,,,,,,,,,,,,,P,,,,,,,,False,
499,4,4,,,,,,,,,,,,,,,,,,P,,,,,,,,False,
499,23,26,,,,,,,,,,,,,,,,,,P,,,,,,,,False,
499,25,26,,,,,,,,,,,,,,,,,,P,,,,,,,,False,
500,1,3,,,,,,,,,,,,,,,,,,P,,,,,,,,False,
500,4,4,,,,,,,,,,,,,,,,,,P,,,,,,,,False,
500,23,26,,,,,,,,,,,,,,,,,,P,,,,,,,,False,
500,25,26,,,,,,,,,,,,,,,,,,P,,,,,,,,False,
501,1,5,,,,,,,,,,,,,,,,,,P,,,,,,,,False,
501,4,8,,,,,,,,,,,,,,,,,,P,,,,,,,,False,
501,22,26,,,,,,,,,,,,,,,,,,P,,,,,,,,False,
502,1,5,,,,,,,,,,,,,,,,,,P,,,,,,,,False,
502,4,8,,,,,,,,,,,,,,,,,,P,,,,,,,,False,
502,22,26,,,,,,,,,,,,,,,,,,P,,,,,,,,False,
503,1,5,,,,,,,,,,,,,,,,,,P,,,,,,,,False,
503,4,8,,,,,,,,,,,,,,,,,,P,,,,,,,,False,
503,22,26,,,,,,,,,,,,,,,,,,P,,,,,,,,False,
504,1,3,,,,,,,,,,,,,,,,,,P,,,,,,,,False,
504,4,4,,,,,,,,,,,,,,,,,,P,,,,,,,,False,
504,17,26,,,,,,,,,,,,,,,,,,P,,,,,,,,False,
504,25,26,,,,,,,,,,,,,,,,,,P,,,,,,,,False,
505,1,30,,,,,,,,,,,,,,,,,,P,,,,,,,,False,
505,4,4,,,,,,,,,,,,,,,,,,P,,,,,,,,False,
507,5,11,,,,,,,,,,,,,,,,,,P,,,,,,,,False,
508,1,16,,,,,,,,,,,,,,,,,,P,,,,,,,,False,
508,4,16,,,,,,,,,,,,,,,,,,P,,,,,,,,False,
508,16,13,,,,,,,,,,,,,,,,,,P,,,,,,,,False,
509,1,2,,,,,,,,,,,,,,,,,,P,,,,,,,,False,
509,4,2,,,,,,,,,,,,,,,,,,P,,,,,,,,False,
509,16,14,,,,,,,,,,,,,,,,,,P,,,,,,,,False,
510,1,16,,,,,,,,,,,,,,,,,,P,,,,,,,,False,
510,4,16,,,,,,,,,,,,,,,,,,P,,,,,,,,False,
510,16,14,,,,,,,,,,,,,,,,,,P,,,,,,,,False,
511,1,2,,,,,,,,,,,,,,,,,,P,,,,,,,,False,
511,4,2,,,,,,,,,,,,,,,,,,P,,,,,,,,False,
511,16,14,,,,,,,,,,,,,,,,,,P,,,,,,,,False,
512,1,16,,,,,,,,,,,,,,,,,,P,,,,,,,,False,
512,4,16,,,,,,,,,,,,,,,,,,P,,,,,,,,False,
512,16,13,,,,,,,,,,,,,,,,,,P,,,,,,,,False,
513,1,2,,,,,,,,,,,,,,,,,,P,,,,,,,,False,
513,4,2,,,,,,,,,,,,,,,,,,P,,,,,,,,False,
513,16,14,,,,,,,,,,,,,,,,,,P,,,,,,,,False,
514,1,16,,,,,,,,,,,,,,,,,,P,,,,,,,,False,
514,4,16,,,,,,,,,,,,,,,,,,P,,,,,,,,False,
514,16,14,,,,,,,,,,,,,,,,,,P,,,,,,,,False,
516,1,5,,,,,,,,,,,,,,,,,,P,,,,,,,,False,
516,4,8,,,,,,,,,,,,,,,,,,P,,,,,,,,False,
516,22,26,,,,,,,,,,,,,,,,,,P,,,,,,,,False,
517,1,12,,,,,,,,,,,,,,,,,,P,,,,,,,,False,
517,4,9,,,,,,,,,,,,,,,,,,P,,,,,,,,False,
517,19,14,,,,,,,,,,,,,,,,,,P,,,,,,,,False,
518,1,30,,,,,,,,,,,,,,,,,,P,,,,,,,,False,
518,4,6,,,,,,,,,,,,,,,,,,P,,,,,,,,False,
518,24,13,,,,,,,,,,,,,,,,,,P,,,,,,,,False,
519,1,12,,,,,,,,,,,,,,,,,,P,,,,,,,,False,
519,4,6,,,,,,,,,,,,,,,,,,P,,,,,,,,False,
519,19,14,,,,,,,,,,,,,,,,,,P,,,,,,,,False,
521,1,29,,,,,,,,,,,,,,,,,,P,,,,,,,,False,
521,4,9,,,,,,,,,,,,,,,,,,P,,,,,,,,False,
521,19,13,,,,,,,,,,,,,,,,,,P,,,,,,,,False,
522,1,3,,,,,,,,,,,,,,,,,,P,,,,,,,,False,
522,4,4,,,,,,,,,,,,,,,,,,P,,,,,,,,False,
522,23,26,,,,,,,,,,,,,,,,,,P,,,,,,,,False,
522,25,26,,,,,,,,,,,,,,,,,,P,,,,,,,,False,
523,1,5,,,,,,,,,,,,,,,,,,P,,,,,,,,False,
523,4,8,,,,,,,,,,,,,,,,,,P,,,,,,,,False,
523,21,9,,,,,,,,,,,,,,,,,,P,,,,,,,,False,
524,1,29,,,,,,,,,,,,,,,,,,P,,,,,,,,False,
524,4,9,,,,,,,,,,,,,,,,,,P,,,,,,,,False,
524,19,14,,,,,,,,,,,,,,,,,,P,,,,,,,,False,
525,1,5,,,,,,,,,,,,,,,,,,P,,,,,,,,False,
525,4,8,,,,,,,,,,,,,,,,,,P,,,,,,,,False,
525,22,26,,,,,,,,,,,,,,,,,,P,,,,,,,,False,
530,5,23,,,,,,,,,,,,,,,,,,P,,,,,,,,False,
531,5,23,,,,,,,,,,,,,,,,,,P,,,,,,,,False,
532,5,11,,,,,,,,,,,,,,,,,,P,,,,,,,,False,
533,5,11,,,,,,,,,,,,,,,,,,P,,,,,,,,False,
534,5,11,,,,,,,,,,,,,,,,,,P,,,,,,,,False,
535,5,11,,,,,,,,,,,,,,,,,,P,,,,,,,,False,
536,5,11,,,,,,,,,,,,,,,,,,P,,,,,,,,False,
537,5,11,,,,,,,,,,,,,,,,,,P,,,,,,,,False,
538,5,23,,,,,,,,,,,,,,,,,,P,,,,,,,,False,
539,5,11,,,,,,,,,,,,,,,,,,P,,,,,,,,False,
540,5,11,,,,,,,,,,,,,,,,,,P,,,,,,,,False,
541,5,11,,,,,,,,,,,,,,,,,,P,,,,,,,,False,
542,5,11,,,,,,,,,,,,,,,,,,P,,,,,,,,False,
543,5,11,,,,,,,,,,,,,,,,,,P,,,,,,,,False,
544,5,11,,,,,,,,,,,,,,,,,,P,,,,,,,,False,
545,5,11,,,,,,,,,,,,,,,,,,P,,,,,,,,False,
547,1,2,,,,,,,,,,,,,,,,,,P,,,,,,,,False,
547,4,2,,,,,,,,,,,,,,,,,,P,,,,,,,,False,
547,16,14,,,,,,,,,,,,,,,,,,P,,,,,,,,False,
548,1,2,,,,,,,,,,,,,,,,,,P,,,,,,,,False,
548,4,2,,,,,,,,,,,,,,,,,,P,,,,,,,,False,
548,16,14,,,,,,,,,,,,,,,,,,P,,,,,,,,False,
549,1,2,,,,,,,,,,,,,,,,,,P,,,,,,,,False,
549,4,2,,,,,,,,,,,,,,,,,,P,,,,,,,,False,
549,16,14,,,,,,,,,,,,,,,,,,P,,,,,,,,False,
551,1,12,,,,,,,,,,,,,,,,,,P,,,,,,,,False,
551,4,6,,,,,,,,,,,,,,,,,,P,,,,,,,,False,
551,24,13,,,,,,,,,,,,,,,,,,P,,,,,,,,False,
552,1,5,,,,,,,,,,,,,,,,,,P,,,,,,,,False,
552,4,8,,,,,,,,,,,,,,,,,,P,,,,,,,,False,
552,21,9,,,,,,,,,,,,,,,,,,P,,,,,,,,False,
553,1,2,,,,,,,,,,,,,,,,,,P,,,,,,,,False,
553,4,2,,,,,,,,,,,,,,,,,,P,,,,,,,,False,
553,16,14,,,,,,,,,,,,,,,,,,P,,,,,,,,False,
554,1,5,,,,,,,,,,,,,,,,,,P,,,,,,,,False,
554,4,8,,,,,,,,,,,,,,,,,,P,,,,,,,,False,
554,21,9,,,,,,,,,,,,,,,,,,P,,,,,,,,False,
555,1,16,,,,,,,,,,,,,,,,,,P,,,,,,,,False,
555,4,16,,,,,,,,,,,,,,,,,,P,,,,,,,,False,
555,16,13,,,,,,,,,,,,,,,,,,P,,,,,,,,False,
556,1,16,,,,,,,,,,,,,,,,,,P,,,,,,,,False,
556,4,16,,,,,,,,,,,,,,,,,,P,,,,,,,,False,
556,16,13,,,,,,,,,,,,,,,,,,P,,,,,,,,False,
557,1,16,,,,,,,,,,,,,,,,,,P,,,,,,,,False,
557,4,16,,,,,,,,,,,,,,,,,,P,,,,,,,,False,
557,16,14,,,,,,,,,,,,,,,,,,P,,,,,,,,False,
558,5,11,,,,,,,,,,,,,,,,,,P,,,,,,,,False,
559,5,11,,,,,,,,,,,,,,,,,,P,,,,,,,,False,
561,5,11,,,,,,,,,,,,,,,,,,P,,,,,,,,False,
562,5,11,,,,,,,,,,,,,,,,,,P,,,,,,,,False,
574,25,7,,,,,,,,,,,,,,,,,,P,,,,,,,,False,
575,5,11,,,,,,,,,,,,,,,,,,P,,,,,,,,False,
576,1,12,,,,,,,,,,,,,,,,,,P,,,,,,,,False,
576,4,6,,,,,,,,,,,,,,,,,,P,,,,,,,,False,
576,24,13,,,,,,,,,,,,,,,,,,P,,,,,,,,False,
577,1,12,,,,,,,,,,,,,,,,,,P,,,,,,,,False,
577,4,6,,,,,,,,,,,,,,,,,,P,,,,,,,,False,
577,24,13,,,,,,,,,,,,,,,,,,P,,,,,,,,False,
578,1,12,,,,,,,,,,,,,,,,,,P,,,,,,,,False,
578,4,6,,,,,,,,,,,,,,,,,,P,,,,,,,,False,
578,24,13,,,,,,,,,,,,,,,,,,P,,,,,,,,False,
579,1,30,,,,,,,,,,,,,,,,,,P,,,,,,,,False,
579,4,8,,,,,,,,,,,,,,,,,,P,,,,,,,,False,
579,21,9,,,,,,,,,,,,,,,,,,P,,,,,,,,False,
580,1,5,,,,,,,,,,,,,,,,,,P,,,,,,,,False,
580,4,8,,,,,,,,,,,,,,,,,,P,,,,,,,,False,
580,22,26,,,,,,,,,,,,,,,,,,P,,,,,,,,False,
581,1,5,,,,,,,,,,,,,,,,,,P,,,,,,,,False,
581,4,8,,,,,,,,,,,,,,,,,,P,,,,,,,,False,
581,22,26,,,,,,,,,,,,,,,,,,P,,,,,,,,False,
582,1,5,,,,,,,,,,,,,,,,,,P,,,,,,,,False,
582,4,8,,,,,,,,,,,,,,,,,,P,,,,,,,,False,
582,22,26,,,,,,,,,,,,,,,,,,P,,,,,,,,False,
583,1,5,,,,,,,,,,,,,,,,,,P,,,,,,,,False,
583,4,8,,,,,,,,,,,,,,,,,,P,,,,,,,,False,
583,22,26,,,,,,,,,,,,,,,,,,P,,,,,,,,False,
585,1,3,,,,,,,,,,,,,,,,,,P,,,,,,,,False,
585,4,4,,,,,,,,,,,,,,,,,,P,,,,,,,,False,
585,17,26,,,,,,,,,,,,,,,,,,P,,,,,,,,False,
585,25,26,,,,,,,,,,,,,,,,,,P,,,,,,,,False,
588,5,11,,,,,,,,,,,,,,,,,,P,,,,,,,,False,
589,5,23,,,,,,,,,,,,,,,,,,P,,,,,,,,False,
590,5,23,,,,,,,,,,,,,,,,,,P,,,,,,,,False,
591,5,23,,,,,,,,,,,,,,,,,,P,,,,,,,,False,
592,5,23,,,,,,,,,,,,,,,,,,P,,,,,,,,False,
593,5,23,,,,,,,,,,,,,,,,,,P,,,,,,,,False,
594,5,11,,,,,,,,,,,,,,,,,,P,,,,,,,,False,
595,1,29,,,,,,,,,,,,,,,,,,P,,,,,,,,False,
595,4,9,,,,,,,,,,,,,,,,,,P,,,,,,,,False,
595,19,13,,,,,,,,,,,,,,,,,,P,,,,,,,,False,
596,1,30,,,,,,,,,,,,,,,,,,P,,,,,,,,False,
596,4,6,,,,,,,,,,,,,,,,,,P,,,,,,,,False,
596,23,26,,,,,,,,,,,,,,,,,,P,,,,,,,,False,
596,25,26,,,,,,,,,,,,,,,,,,P,,,,,,,,False,
597,5,11,,,,,,,,,,,,,,,,,,P,,,,,,,,False,
598,25,7,,,,,,,,,,,,,,,,,,P,,,,,,,,False,
603,25,7,,,,,,,,,,,,,,,,,,P,,,,,,,,False,
604,18,20,,,,,,,,,,,,,,,,,,P,,,,,,,,False,
605,18,20,,,,,,,,,,,,,,,,,,P,,,,,,,,False,
606,18,20,,,,,,,,,,,,,,,,,,P,,,,,,,,False,
607,18,20,,,,,,,,,,,,,,,,,,P,,,,,,,,False,
608,18,20,,,,,,,,,,,,,,,,,,P,,,,,,,,False,
609,18,20,,,,,,,,,,,,,,,,,,P,,,,,,,,False,
610,18,23,,,,,,,,,,,,,,,,,,P,,,,,,,,False,
611,18,4,,,,,,,,,,,,,,,,,,P,,,,,,,,False,
612,18,20,,,,,,,,,,,,,,,,,,P,,,,,,,,False,
613,18,20,,,,,,,,,,,,,,,,,,P,,,,,,,,False,
614,18,20,,,,,,,,,,,,,,,,,,P,,,,,,,,False,
615,1,2,,,,,,,,,,,,,,,,,,P,,,,,,,,False,
615,4,2,,,,,,,,,,,,,,,,,,P,,,,,,,,False,
615,16,14,,,,,,,,,,,,,,,,,,P,,,,,,,,False,
616,1,2,,,,,,,,,,,,,,,,,,P,,,,,,,,False,
616,4,2,,,,,,,,,,,,,,,,,,P,,,,,,,,False,
616,16,14,,,,,,,,,,,,,,,,,,P,,,,,,,,False,
617,1,16,,,,,,,,,,,,,,,,,,P,,,,,,,,False,
617,4,16,,,,,,,,,,,,,,,,,,P,,,,,,,,False,
617,16,14,,,,,,,,,,,,,,,,,,P,,,,,,,,False,
618,1,2,,,,,,,,,,,,,,,,,,P,,,,,,,,False,
618,4,2,,,,,,,,,,,,,,,,,,P,,,,,,,,False,
618,16,14,,,,,,,,,,,,,,,,,,P,,,,,,,,False,
619,1,16,,,,,,,,,,,,,,,,,,P,,,,,,,,False,
619,4,16,,,,,,,,,,,,,,,,,,P,,,,,,,,False,
619,16,14,,,,,,,,,,,,,,,,,,P,,,,,,,,False,
620,1,2,,,,,,,,,,,,,,,,,,P,,,,,,,,False,
620,4,2,,,,,,,,,,,,,,,,,,P,,,,,,,,False,
620,16,13,,,,,,,,,,,,,,,,,,P,,,,,,,,False,
621,1,2,,,,,,,,,,,,,,,,,,P,,,,,,,,False,
621,4,2,,,,,,,,,,,,,,,,,,P,,,,,,,,False,
621,16,14,,,,,,,,,,,,,,,,,,P,,,,,,,,False,
622,1,16,,,,,,,,,,,,,,,,,,P,,,,,,,,False,
622,4,16,,,,,,,,,,,,,,,,,,P,,,,,,,,False,
622,16,14,,,,,,,,,,,,,,,,,,P,,,,,,,,False,
623,1,2,,,,,,,,,,,,,,,,,,P,,,,,,,,False,
623,4,2,,,,,,,,,,,,,,,,,,P,,,,,,,,False,
623,16,14,,,,,,,,,,,,,,,,,,P,,,,,,,,False,
624,1,12,,,,,,,,,,,,,,,,,,P,,,,,,,,False,
624,4,35,,,,,,,,,,,,,,,,,,P,,,,,,,,False,
624,19,14,,,,,,,,,,,,,,,,,,P,,,,,,,,False,
625,1,12,,,,,,,,,,,,,,,,,,P,,,,,,,,False,
625,4,35,,,,,,,,,,,,,,,,,,P,,,,,,,,False,
625,19,14,,,,,,,,,,,,,,,,,,P,,,,,,,,False,
626,1,12,,,,,,,,,,,,,,,,,,P,,,,,,,,False,
626,4,35,,,,,,,,,,,,,,,,,,P,,,,,,,,False,
626,19,14,,,,,,,,,,,,,,,,,,P,,,,,,,,False,
627,1,12,,,,,,,,,,,,,,,,,,P,,,,,,,,False,
627,4,35,,,,,,,,,,,,,,,,,,P,,,,,,,,False,
627,19,13,,,,,,,,,,,,,,,,,,P,,,,,,,,False,
628,1,12,,,,,,,,,,,,,,,,,,P,,,,,,,,False,
628,4,35,,,,,,,,,,,,,,,,,,P,,,,,,,,False,
628,19,14,,,,,,,,,,,,,,,,,,P,,,,,,,,False,
629,1,12,,,,,,,,,,,,,,,,,,P,,,,,,,,False,
629,4,35,,,,,,,,,,,,,,,,,,P,,,,,,,,False,
629,19,13,,,,,,,,,,,,,,,,,,P,,,,,,,,False,
630,1,12,,,,,,,,,,,,,,,,,,P,,,,,,,,False,
630,4,35,,,,,,,,,,,,,,,,,,P,,,,,,,,False,
630,19,13,,,,,,,,,,,,,,,,,,P,,,,,,,,False,
631,1,12,,,,,,,,,,,,,,,,,,P,,,,,,,,False,
631,4,35,,,,,,,,,,,,,,,,,,P,,,,,,,,False,
631,19,13,,,,,,,,,,,,,,,,,,P,,,,,,,,False,
632,1,12,,,,,,,,,,,,,,,,,,P,,,,,,,,False,
632,4,35,,,,,,,,,,,,,,,,,,P,,,,,,,,False,
632,19,13,,,,,,,,,,,,,,,,,,P,,,,,,,,False,
633,1,29,,,,,,,,,,,,,,,,,,P,,,,,,,,False,
633,4,6,,,,,,,,,,,,,,,,,,P,,,,,,,,False,
633,24,13,,,,,,,,,,,,,,,,,,P,,,,,,,,False,
634,1,29,,,,,,,,,,,,,,,,,,P,,,,,,,,False,
634,4,6,,,,,,,,,,,,,,,,,,P,,,,,,,,False,
634,24,13,,,,,,,,,,,,,,,,,,P,,,,,,,,False,
635,1,29,,,,,,,,,,,,,,,,,,P,,,,,,,,False,
635,4,42,,,,,,,,,,,,,,,,,,P,,,,,,,,False,
635,24,13,,,,,,,,,,,,,,,,,,P,,,,,,,,False,
637,1,29,,,,,,,,,,,,,,,,,,P,,,,,,,,False,
637,4,6,,,,,,,,,,,,,,,,,,P,,,,,,,,False,
637,24,13,,,,,,,,,,,,,,,,,,P,,,,,,,,False,
638,1,29,,,,,,,,,,,,,,,,,,P,,,,,,,,False,
638,4,43,,,,,,,,,,,,,,,,,,P,,,,,,,,False,
638,24,13,,,,,,,,,,,,,,,,,,P,,,,,,,,False,
639,1,29,,,,,,,,,,,,,,,,,,P,,,,,,,,False,
639,4,43,,,,,,,,,,,,,,,,,,P,,,,,,,,False,
639,24,13,,,,,,,,,,,,,,,,,,P,,,,,,,,False,
640,1,29,,,,,,,,,,,,,,,,,,P,,,,,,,,False,
640,4,43,,,,,,,,,,,,,,,,,,P,,,,,,,,False,
640,24,13,,,,,,,,,,,,,,,,,,P,,,,,,,,False,
641,1,29,,,,,,,,,,,,,,,,,,P,,,,,,,,False,
641,4,42,,,,,,,,,,,,,,,,,,P,,,,,,,,False,
641,24,13,,,,,,,,,,,,,,,,,,P,,,,,,,,False,
642,1,29,,,,,,,,,,,,,,,,,,P,,,,,,,,False,
642,4,42,,,,,,,,,,,,,,,,,,P,,,,,,,,False,
642,24,13,,,,,,,,,,,,,,,,,,P,,,,,,,,False,
643,1,5,,,,,,,,,,,,,,,,,,P,,,,,,,,False,
643,4,6,,,,,,,,,,,,,,,,,,P,,,,,,,,False,
643,21,26,,,,,,,,,,,,,,,,,,P,,,,,,,,False,
644,1,5,,,,,,,,,,,,,,,,,,P,,,,,,,,False,
644,4,6,,,,,,,,,,,,,,,,,,P,,,,,,,,False,
644,21,26,,,,,,,,,,,,,,,,,,P,,,,,,,,False,
645,1,5,,,,,,,,,,,,,,,,,,P,,,,,,,,False,
645,4,38,,,,,,,,,,,,,,,,,,P,,,,,,,,False,
645,21,26,,,,,,,,,,,,,,,,,,P,,,,,,,,False,
646,1,41,,,,,,,,,,,,,,,,,,P,,,,,,,,False,
646,4,6,,,,,,,,,,,,,,,,,,P,,,,,,,,False,
646,21,26,,,,,,,,,,,,,,,,,,P,,,,,,,,False,
647,1,41,,,,,,,,,,,,,,,,,,P,,,,,,,,False,
647,4,4,,,,,,,,,,,,,,,,,,P,,,,,,,,False,
647,21,49,,,,,,,,,,,,,,,,,,P,,,,,,,,False,
648,1,5,,,,,,,,,,,,,,,,,,P,,,,,,,,False,
648,4,4,,,,,,,,,,,,,,,,,,P,,,,,,,,False,
648,21,49,,,,,,,,,,,,,,,,,,P,,,,,,,,False,
649,1,5,,,,,,,,,,,,,,,,,,P,,,,,,,,False,
649,4,43,,,,,,,,,,,,,,,,,,P,,,,,,,,False,
649,21,49,,,,,,,,,,,,,,,,,,P,,,,,,,,False,
650,1,5,,,,,,,,,,,,,,,,,,P,,,,,,,,False,
650,4,42,,,,,,,,,,,,,,,,,,P,,,,,,,,False,
650,21,49,,,,,,,,,,,,,,,,,,P,,,,,,,,False,
654,1,3,,,,,,,,,,,,,,,,,,P,,,,,,,,False,
654,4,4,,,,,,,,,,,,,,,,,,P,,,,,,,,False,
654,25,26,,,,,,,,,,,,,,,,,,P,,,,,,,,False,
655,1,3,,,,,,,,,,,,,,,,,,P,,,,,,,,False,
655,4,4,,,,,,,,,,,,,,,,,,P,,,,,,,,False,
655,23,28,,,,,,,,,,,,,,,,,,P,,,,,,,,False,
655,25,9,,,,,,,,,,,,,,,,,,P,,,,,,,,False,
656,1,3,,,,,,,,,,,,,,,,,,P,,,,,,,,False,
656,4,4,,,,,,,,,,,,,,,,,,P,,,,,,,,False,
656,25,26,,,,,,,,,,,,,,,,,,P,,,,,,,,False,
657,1,3,,,,,,,,,,,,,,,,,,P,,,,,,,,False,
657,4,4,,,,,,,,,,,,,,,,,,P,,,,,,,,False,
657,25,26,,,,,,,,,,,,,,,,,,P,,,,,,,,False,
658,1,5,,,,,,,,,,,,,,,,,,P,,,,,,,,False,
658,4,6,,,,,,,,,,,,,,,,,,P,,,,,,,,False,
658,22,26,,,,,,,,,,,,,,,,,,P,,,,,,,,False,
659,1,41,,,,,,,,,,,,,,,,,,P,,,,,,,,False,
659,4,6,,,,,,,,,,,,,,,,,,P,,,,,,,,False,
659,22,9,,,,,,,,,,,,,,,,,,P,,,,,,,,False,
660,1,41,,,,,,,,,,,,,,,,,,P,,,,,,,,False,
660,4,43,,,,,,,,,,,,,,,,,,P,,,,,,,,False,
660,22,26,,,,,,,,,,,,,,,,,,P,,,,,,,,False,
661,1,3,,,,,,,,,,,,,,,,,,P,,,,,,,,False,
661,4,4,,,,,,,,,,,,,,,,,,P,,,,,,,,False,
661,25,26,,,,,,,,,,,,,,,,,,P,,,,,,,,False,
662,1,41,,,,,,,,,,,,,,,,,,P,,,,,,,,False,
662,4,4,,,,,,,,,,,,,,,,,,P,,,,,,,,False,
664,5,47,,,,,,,,,,,,,,,,,,P,,,,,,,,False,
665,1,16,,,,,,,,,,,,,,,,,,P,,,,,,,,False,
665,4,16,,,,,,,,,,,,,,,,,,P,,,,,,,,False,
665,16,13,,,,,,,,,,,,,,,,,,P,,,,,,,,False,
666,1,2,,,,,,,,,,,,,,,,,,P,,,,,,,,False,
666,4,2,,,,,,,,,,,,,,,,,,P,,,,,,,,False,
666,16,14,,,,,,,,,,,,,,,,,,P,,,,,,,,False,
667,1,16,,,,,,,,,,,,,,,,,,P,,,,,,,,False,
667,4,16,,,,,,,,,,,,,,,,,,P,,,,,,,,False,
667,16,14,,,,,,,,,,,,,,,,,,P,,,,,,,,False,
668,1,2,,,,,,,,,,,,,,,,,,P,,,,,,,,False,
668,4,2,,,,,,,,,,,,,,,,,,P,,,,,,,,False,
668,16,14,,,,,,,,,,,,,,,,,,P,,,,,,,,False,
669,1,16,,,,,,,,,,,,,,,,,,P,,,,,,,,False,
669,4,16,,,,,,,,,,,,,,,,,,P,,,,,,,,False,
669,16,13,,,,,,,,,,,,,,,,,,P,,,,,,,,False,
670,1,2,,,,,,,,,,,,,,,,,,P,,,,,,,,False,
670,4,2,,,,,,,,,,,,,,,,,,P,,,,,,,,False,
670,16,14,,,,,,,,,,,,,,,,,,P,,,,,,,,False,
671,1,16,,,,,,,,,,,,,,,,,,P,,,,,,,,False,
671,4,16,,,,,,,,,,,,,,,,,,P,,,,,,,,False,
671,16,14,,,,,,,,,,,,,,,,,,P,,,,,,,,False,
672,1,5,,,,,,,,,,,,,,,,,,P,,,,,,,,False,
672,4,38,,,,,,,,,,,,,,,,,,P,,,,,,,,False,
672,22,26,,,,,,,,,,,,,,,,,,P,,,,,,,,False,
673,1,12,,,,,,,,,,,,,,,,,,P,,,,,,,,False,
673,4,35,,,,,,,,,,,,,,,,,,P,,,,,,,,False,
673,19,14,,,,,,,,,,,,,,,,,,P,,,,,,,,False,
674,1,29,,,,,,,,,,,,,,,,,,P,,,,,,,,False,
674,4,43,,,,,,,,,,,,,,,,,,P,,,,,,,,False,
674,24,13,,,,,,,,,,,,,,,,,,P,,,,,,,,False,
675,1,12,,,,,,,,,,,,,,,,,,P,,,,,,,,False,
675,4,35,,,,,,,,,,,,,,,,,,P,,,,,,,,False,
675,19,14,,,,,,,,,,,,,,,,,,P,,,,,,,,False,
676,1,12,,,,,,,,,,,,,,,,,,P,,,,,,,,False,
676,4,35,,,,,,,,,,,,,,,,,,P,,,,,,,,False,
676,19,13,,,,,,,,,,,,,,,,,,P,,,,,,,,False,
677,1,3,,,,,,,,,,,,,,,,,,P,,,,,,,,False,
677,4,4,,,,,,,,,,,,,,,,,,P,,,,,,,,False,
677,25,26,,,,,,,,,,,,,,,,,,P,,,,,,,,False,
678,1,5,,,,,,,,,,,,,,,,,,P,,,,,,,,False,
678,4,4,,,,,,,,,,,,,,,,,,P,,,,,,,,False,
678,21,49,,,,,,,,,,,,,,,,,,P,,,,,,,,False,
679,1,12,,,,,,,,,,,,,,,,,,P,,,,,,,,False,
679,4,35,,,,,,,,,,,,,,,,,,P,,,,,,,,False,
679,19,14,,,,,,,,,,,,,,,,,,P,,,,,,,,False,
680,1,41,,,,,,,,,,,,,,,,,,P,,,,,,,,False,
680,4,6,,,,,,,,,,,,,,,,,,P,,,,,,,,False,
680,22,26,,,,,,,,,,,,,,,,,,P,,,,,,,,False,
683,5,34,,,,,,,,,,,,,,,,,,P,,,,,,,,False,
684,5,34,,,,,,,,,,,,,,,,,,P,,,,,,,,False,
685,5,34,,,,,,,,,,,,,,,,,,P,,,,,,,,False,
686,5,47,,,,,,,,,,,,,,,,,,P,,,,,,,,False,
687,5,34,,,,,,,,,,,,,,,,,,P,,,,,,,,False,
688,5,34,,,,,,,,,,,,,,,,,,P,,,,,,,,False,
689,5,47,,,,,,,,,,,,,,,,,,P,,,,,,,,False,
690,5,11,,,,,,,,,,,,,,,,,,P,,,,,,,,False,
691,5,34,,,,,,,,,,,,,,,,,,P,,,,,,,,False,
692,5,34,,,,,,,,,,,,,,,,,,P,,,,,,,,False,
693,5,34,,,,,,,,,,,,,,,,,,P,,,,,,,,False,
694,5,47,,,,,,,,,,,,,,,,,,P,,,,,,,,False,
695,5,34,,,,,,,,,,,,,,,,,,P,,,,,,,,False,
696,5,11,,,,,,,,,,,,,,,,,,P,,,,,,,,False,
697,5,34,,,,,,,,,,,,,,,,,,P,,,,,,,,False,
698,5,47,,,,,,,,,,,,,,,,,,P,,,,,,,,False,
699,1,2,,,,,,,,,,,,,,,,,,P,,,,,,,,False,
699,4,2,,,,,,,,,,,,,,,,,,P,,,,,,,,False,
699,16,14,,,,,,,,,,,,,,,,,,P,,,,,,,,False,
700,1,2,,,,,,,,,,,,,,,,,,P,,,,,,,,False,
700,4,2,,,,,,,,,,,,,,,,,,P,,,,,,,,False,
700,16,14,,,,,,,,,,,,,,,,,,P,,,,,,,,False,
701,1,2,,,,,,,,,,,,,,,,,,P,,,,,,,,False,
701,4,2,,,,,,,,,,,,,,,,,,P,,,,,,,,False,
701,16,14,,,,,,,,,,,,,,,,,,P,,,,,,,,False,
702,1,29,,,,,,,,,,,,,,,,,,P,,,,,,,,False,
702,4,42,,,,,,,,,,,,,,,,,,P,,,,,,,,False,
702,24,13,,,,,,,,,,,,,,,,,,P,,,,,,,,False,
703,1,5,,,,,,,,,,,,,,,,,,P,,,,,,,,False,
703,4,38,,,,,,,,,,,,,,,,,,P,,,,,,,,False,
703,21,26,,,,,,,,,,,,,,,,,,P,,,,,,,,False,
704,1,2,,,,,,,,,,,,,,,,,,P,,,,,,,,False,
704,4,2,,,,,,,,,,,,,,,,,,P,,,,,,,,False,
704,16,14,,,,,,,,,,,,,,,,,,P,,,,,,,,False,
705,1,5,,,,,,,,,,,,,,,,,,P,,,,,,,,False,
705,4,38,,,,,,,,,,,,,,,,,,P,,,,,,,,False,
705,21,26,,,,,,,,,,,,,,,,,,P,,,,,,,,False,
706,1,16,,,,,,,,,,,,,,,,,,P,,,,,,,,False,
706,4,16,,,,,,,,,,,,,,,,,,P,,,,,,,,False,
706,16,13,,,,,,,,,,,,,,,,,,P,,,,,,,,False,
709,5,34,,,,,,,,,,,,,,,,,,P,,,,,,,,False,
711,25,26,,,,,,,,,,,,,,,,,,P,,,,,,,,False,
712,1,29,,,,,,,,,,,,,,,,,,P,,,,,,,,False,
712,4,38,,,,,,,,,,,,,,,,,,P,,,,,,,,False,
712,24,13,,,,,,,,,,,,,,,,,,P,,,,,,,,False,
713,1,29,,,,,,,,,,,,,,,,,,P,,,,,,,,False,
713,4,43,,,,,,,,,,,,,,,,,,P,,,,,,,,False,
713,24,13,,,,,,,,,,,,,,,,,,P,,,,,,,,False,
714,1,29,,,,,,,,,,,,,,,,,,P,,,,,,,,False,
714,4,43,,,,,,,,,,,,,,,,,,P,,,,,,,,False,
714,24,13,,,,,,,,,,,,,,,,,,P,,,,,,,,False,
715,1,5,,,,,,,,,,,,,,,,,,P,,,,,,,,False,
715,4,6,,,,,,,,,,,,,,,,,,P,,,,,,,,False,
715,21,26,,,,,,,,,,,,,,,,,,P,,,,,,,,False,
716,1,5,,,,,,,,,,,,,,,,,,P,,,,,,,,False,
716,4,42,,,,,,,,,,,,,,,,,,P,,,,,,,,False,
716,22,26,,,,,,,,,,,,,,,,,,P,,,,,,,,False,
717,1,5,,,,,,,,,,,,,,,,,,P,,,,,,,,False,
717,4,4,,,,,,,,,,,,,,,,,,P,,,,,,,,False,
717,22,9,,,,,,,,,,,,,,,,,,P,,,,,,,,False,
718,1,5,,,,,,,,,,,,,,,,,,P,,,,,,,,False,
718,4,42,,,,,,,,,,,,,,,,,,P,,,,,,,,False,
718,22,26,,,,,,,,,,,,,,,,,,P,,,,,,,,False,
719,1,5,,,,,,,,,,,,,,,,,,P,,,,,,,,False,
719,4,6,,,,,,,,,,,,,,,,,,P,,,,,,,,False,
719,22,26,,,,,,,,,,,,,,,,,,P,,,,,,,,False,
720,1,3,,,,,,,,,,,,,,,,,,P,,,,,,,,False,
720,4,4,,,,,,,,,,,,,,,,,,P,,,,,,,,False,
720,25,26,,,,,,,,,,,,,,,,,,P,,,,,,,,False,
722,5,34,,,,,,,,,,,,,,,,,,P,,,,,,,,False,
724,5,11,,,,,,,,,,,,,,,,,,P,,,,,,,,False,
725,5,34,,,,,,,,,,,,,,,,,,P,,,,,,,,False,
726,5,34,,,,,,,,,,,,,,,,,,P,,,,,,,,False,
727,5,34,,,,,,,,,,,,,,,,,,P,,,,,,,,False,
728,1,12,,,,,,,,,,,,,,,,,,P,,,,,,,,False,
728,4,35,,,,,,,,,,,,,,,,,,P,,,,,,,,False,
728,19,13,,,,,,,,,,,,,,,,,,P,,,,,,,,False,
729,1,41,,,,,,,,,,,,,,,,,,P,,,,,,,,False,
729,4,6,,,,,,,,,,,,,,,,,,P,,,,,,,,False,
729,25,26,,,,,,,,,,,,,,,,,,P,,,,,,,,False,
730,25,26,,,,,,,,,,,,,,,,,,P,,,,,,,,False,
731,25,26,,,,,,,,,,,,,,,,,,P,,,,,,,,False,
733,5,34,,,,,,,,,,,,,,,,,,P,,,,,,,,False,
734,1,41,,,,,,,,,,,,,,,,,,P,,,,,,,,False,
734,4,43,,,,,,,,,,,,,,,,,,P,,,,,,,,False,
734,21,49,,,,,,,,,,,,,,,,,,P,,,,,,,,False,
735,5,47,,,,,,,,,,,,,,,,,,P,,,,,,,,False,
736,5,34,,,,,,,,,,,,,,,,,,P,,,,,,,,False,
737,1,5,,,,,,,,,,,,,,,,,,P,,,,,,,,False,
737,4,42,,,,,,,,,,,,,,,,,,P,,,,,,,,False,
737,21,26,,,,,,,,,,,,,,,,,,P,,,,,,,,False,
738,1,5,,,,,,,,,,,,,,,,,,P,,,,,,,,False,
738,4,42,,,,,,,,,,,,,,,,,,P,,,,,,,,False,
738,21,26,,,,,,,,,,,,,,,,,,P,,,,,,,,False,
739,1,41,,,,,,,,,,,,,,,,,,P,,,,,,,,False,
739,4,6,,,,,,,,,,,,,,,,,,P,,,,,,,,False,
739,25,26,,,,,,,,,,,,,,,,,,P,,,,,,,,False,
740,1,41,,,,,,,,,,,,,,,,,,P,,,,,,,,False,
740,4,6,,,,,,,,,,,,,,,,,,P,,,,,,,,False,
740,22,26,,,,,,,,,,,,,,,,,,P,,,,,,,,False,
742,5,34,,,,,,,,,,,,,,,,,,P,,,,,,,,False,
743,1,41,,,,,,,,,,,,,,,,,,P,,,,,,,,False,
743,4,6,,,,,,,,,,,,,,,,,,P,,,,,,,,False,
743,25,26,,,,,,,,,,,,,,,,,,P,,,,,,,,False,
744,1,41,,,,,,,,,,,,,,,,,,P,,,,,,,,False,
744,4,6,,,,,,,,,,,,,,,,,,P,,,,,,,,False,
744,25,26,,,,,,,,,,,,,,,,,,P,,,,,,,,False,
745,1,12,,,,,,,,,,,,,,,,,,P,,,,,,,,False,
745,4,35,,,,,,,,,,,,,,,,,,P,,,,,,,,False,
745,19,13,,,,,,,,,,,,,,,,,,P,,,,,,,,False,
754,18,20,,,,,,,,,,,,,,,,,,P,,,,,,,,False,
755,18,20,,,,,,,,,,,,,,,,,,P,,,,,,,,False,
756,18,20,,,,,,,,,,,,,,,,,,P,,,,,,,,False,
757,18,20,,,,,,,,,,,,,,,,,,P,,,,,,,,False,
758,18,20,,,,,,,,,,,,,,,,,,P,,,,,,,,False,
759,18,20,,,,,,,,,,,,,,,,,,P,,,,,,,,False,
760,5,34,,,,,,,,,,,,,,,,,,P,,,,,,,,False,
