IdTurma,IdSerie,IdPeriodo,TipoTurma,IdDisciplina,NomeTurma,SiglaTurma,TurnoPrincipal,TotalVagas,IdUsuarioCoordenador,CodigoAgrupamento,DisciplinaRequerNota,DisciplinaCargaHorariaSemanal,DisciplinaStUsaNotaConceito,IdServicoMensalidade,ES_IdCursoSuperiorPreferencial,DescricaoHorario,_DisciplinaConteudoProgramatico,SituacaoAlunoDisciplinaCursando,SituacaoAlunoDisciplinaAprovado,SituacaoAlunoDisciplinaReprovado,Reserva_IdServico,Reserva_QtdeDiasValidade,IdSala,DataInicial,DataFinal,DataNascimentoMinima,DataNascimentoMaxima,SexoTurma,StPermiteAcessoPortalEducacional,ProvaCHumanas_NotaMinima,ProvaCHumanas_Peso,ProvaCNatureza_NotaMinima,ProvaCNatureza_Peso,ProvaLinguagens_NotaMinima,ProvaLinguagens_Peso,ProvaMatematica_NotaMinima,ProvaMatematica_Peso,ProvaRedacao_NotaMinima,ProvaRedacao_Peso,FInscr_StExibirTurma,FInscr_IdSituacaoAlunoTurma,InscrTurma_StExibirTurma,IdFreqTipoHorario,InscrTurma_StVerificaTurmaRestricao,InscrTurma_ArrayIdTurmaRestricao,InscrTurma_ArrayIdSituacaoAlunoTurmaRestricao,IntegPortal_CodigoTurma,StDisponivelMatricula,DataMatriculaInicio,DataMatriculaFinal,IdTurno,IdEventoTipo,NumeroEtapa,StIntegracaoAppComunicacao,RMOnLine_IdTextoPersonalizado_Confirmacao,Evento_IdTextoPersonalizadoCertificado,Evento_DataRealizacao,IdModeloContrato,CdTurmaINEP,NovoEnsinoMedio_GrupoEstruturaCurricular,NovoEnsinoMedio_AreaConhecimento,NovoEnsinoMedio_TextoApresentacaoDisciplina,ItFor_StDisponivelMatricular,ItFor_NomeTrilha,StGerarHistorico,DisciplinaCargaHorariaAnual,QuantidadeAulasSemanais,DisciplinaCargaHoraMinutoDiaria,DisciplinaCargaHoraMinutoAnual,IdContrato_RMOnlineConfirmacao,DisciplinaCargaHorariaAula,ValorServicoModuloEducacao
1,8,1,G,,A,A,M,,,,True,,False,,,,,Cursando,Aprovado,Reprovado,,,,,,,,A,,,,,,,,,,,,False,,False,,False,,,,True,,,,,,False,,,,,,,,,False,,True,,,,,,,
2,2,1,G,,A,A,M,0.0,,,True,,False,,,,,Cursando,Aprovado,Reprovado,,,,,,,,A,,,,,,,,,,,,False,,False,,False,,,,True,,,,,,False,,,,,,,,,False,,True,,,,,,,
8,8,1,G,,A,A,M,,,,True,,False,,,,,Cursando,Aprovado,Reprovado,,,,,,,,A,,,,,,,,,,,,False,,False,,False,,,,True,,,,,,False,,,,,,,,,False,,True,,,,,,,
11,11,4,G,,2A,A,T,15.0,,,True,1.0,False,,,,,Cursando,Aprovado,Reprovado,,,,,,,,A,,,,,,,,,,,,False,,False,,False,,,,True,,,,,,False,,,,,,,,,False,,True,,,,,,,
16,11,1,G,,A,A,M,,,,True,,False,,,,,Cursando,Aprovado,Reprovado,,,,,,,,A,,,,,,,,,,,,False,,False,,False,,,,True,,,,,,False,,,,,,,,,False,,True,,,,,,,
17,11,1,G,,A,A,M,,,,True,,False,,,,,Cursando,Aprovado,Reprovado,,,,,,,,A,,,,,,,,,,,,False,,False,,False,,,,True,,,,,,False,,,,,,,,,False,,True,,,,,,,
18,8,2,G,,A,A,M,,,,True,,False,,,,,Cursando,Aprovado,Reprovado,,,,,,,,A,,,,,,,,,,,,False,,False,,False,,,,True,,,,,,False,,,,,,,,,False,,True,,,,,,,
19,2,2,G,,A,A,M,,,,True,,False,,,,,Cursando,Aprovado,Reprovado,,,,,,,,A,,,,,,,,,,,,False,,False,8.0,False,,,,True,,,,,,False,,,,,,,,,False,,True,,,,,,,
25,8,2,G,,A,A,M,,,,True,,False,,,,,Cursando,Aprovado,Reprovado,,,,,,,,A,,,,,,,,,,,,False,,False,,False,,,,True,,,,,,False,,,,,,,,,False,,True,,,,,,,
28,11,2,G,,A,A,M,,,,True,,False,,,,,Cursando,Aprovado,Reprovado,,,,,,,,A,,,,,,,,,,,,False,,False,,False,,,,True,,,,,,False,,,,,,,,,False,,True,,,,,,,
30,11,2,G,,A,A,M,,,,True,,False,,,,,Cursando,Aprovado,Reprovado,,,,,,,,A,,,,,,,,,,,,False,,False,,False,,,,True,,,,,,False,,,,,,,,,False,,True,,,,,,,
31,11,2,G,,A,A,M,,,,True,,False,,,,,Cursando,Aprovado,Reprovado,,,,,,,,A,,,,,,,,,,,,False,,False,,False,,,,True,,,,,,False,,,,,,,,,False,,True,,,,,,,
32,15,2,G,,A,A,M,,,,True,,False,,,,,Cursando,Aprovado,Reprovado,,,,,,,,A,,,,,,,,,,,,False,,False,,False,,,,True,,,,,,False,,,,,,,,,False,,True,,,,,,,
33,15,2,G,,A,A,M,,,,True,,False,,,,,Cursando,Aprovado,Reprovado,,,,,,,,A,,,,,,,,,,,,False,,False,,False,,,,True,,,,,,False,,,,,,,,,False,,True,,,,,,,
34,15,2,G,,A,A,M,,,,True,,False,,,,,Cursando,Aprovado,Reprovado,,,,,,,,A,,,,,,,,,,,,False,,False,,False,,,,True,,,,,,False,,,,,,,,,False,,True,,,,,,,
35,8,3,G,,A,A,M,,,,True,,False,,,,,Cursando,Aprovado,Reprovado,,,,,,,,A,,,,,,,,,,,,False,,False,,False,,,,True,,,,,,False,,,,,,,,,False,,True,,,,,,,
36,2,3,G,,A,A,M,,,,True,,False,,,,,Cursando,Aprovado,Reprovado,,,,,,,,A,,,,,,,,,,,,False,,False,,False,,,,True,,,,,,False,,,,,,,,,False,,True,,,,,,,
42,8,3,G,,A,A,M,,,,True,,False,,,,,Cursando,Aprovado,Reprovado,,,,,,,,A,,,,,,,,,,,,False,,False,,False,,,,True,,,,,,False,,,,,,,,,False,,True,,,,,,,
45,11,3,G,,A,A,M,,,,True,,False,,,,,Cursando,Aprovado,Reprovado,,,,,,,,A,,,,,,,,,,,,False,,False,,False,,,,True,,,,,,False,,,,,,,,,False,,True,,,,,,,
47,11,3,G,,A,A,M,,,,True,,False,,,,,Cursando,Aprovado,Reprovado,,,,,,,,A,,,,,,,,,,,,False,,False,,False,,,,True,,,,,,False,,,,,,,,,False,,True,,,,,,,
48,11,3,G,,A,A,M,,,,True,,False,,,,,Cursando,Aprovado,Reprovado,,,,,,,,A,,,,,,,,,,,,False,,False,,False,,,,True,,,,,,False,,,,,,,,,False,,True,,,,,,,
49,15,3,G,,A,A,M,,,,True,,False,,,,,Cursando,Aprovado,Reprovado,,,,,,,,A,,,,,,,,,,,,False,,False,,False,,,,True,,,,,,False,,,,,,,,,False,,True,,,,,,,
50,15,3,G,,A,A,M,,,,True,,False,,,,,Cursando,Aprovado,Reprovado,,,,,,,,A,,,,,,,,,,,,False,,False,,False,,,,True,,,,,,False,,,,,,,,,False,,True,,,,,,,
51,15,3,G,,A,A,M,,,,True,,False,,,,,Cursando,Aprovado,Reprovado,,,,,,,,A,,,,,,,,,,,,False,,False,,False,,,,True,,,,,,False,,,,,,,,,False,,True,,,,,,,
52,8,4,G,,1A,A,T,15.0,,,True,1.0,False,,,,,Cursando,Aprovado,Reprovado,,,,,,,,A,,,,,,,,,,,,False,,False,,False,,,,True,,,,,,False,,,,,,,,,False,,True,,,,,,,
53,2,4,G,,ALFA-I,G1,T,10.0,,,True,1.0,False,,,,,Cursando,Aprovado,Reprovado,,,,,,,,A,,,,,,,,,,,,False,,False,,False,,,,True,,,,,,False,,,,,,,,,False,,True,,,,,,,
63,11,4,G,,2B,B,T,15.0,,,True,1.0,False,,,,,Cursando,Aprovado,Reprovado,,,,,,,,A,,,,,,,,,,,,False,,False,,False,,,,True,,,,,,False,,,,,,,,,False,,True,,,,,,,
69,8,4,G,,1B,B,T,15.0,,B,True,1.0,False,,,,,Cursando,Aprovado,Reprovado,,,,,,,,A,False,,,,,,,,,,,False,,False,,False,,,,False,,,,,,False,,,,,,,,,False,,True,,,,,,,
70,8,4,G,,1C,C,M,15.0,,,True,1.0,False,,,,,Cursando,Aprovado,Reprovado,,,,,,,,A,False,,,,,,,,,,,False,,False,,False,,,,False,,,,,,False,,,,,,,,,False,,True,,,,,,,
71,8,4,G,,1E,E,M,15.0,,,True,1.0,False,,,,,Cursando,Aprovado,Reprovado,,,,,,,,A,False,,,,,,,,,,,False,,False,,False,,,,False,,,,,,False,,,,,,,,,False,,True,,,,,,,
72,8,4,G,,1F,F,T,15.0,,F,True,1.0,False,,,,,Cursando,Aprovado,Reprovado,,,,,,,,A,False,,,,,,,,,,,False,,False,,False,,,,False,,,,,,False,,,,,,,,,False,,True,,,,,,,
73,8,4,G,,1G,G,T,15.0,,G,True,1.0,False,,,,,Cursando,Aprovado,Reprovado,,,,,,,,A,False,,,,,,,,,,,False,,False,,False,,,,False,,,,,,False,,,,,,,,,False,,True,,,,,,,
74,8,4,G,,1J,J,T,15.0,,,True,1.0,False,,,,,Cursando,Aprovado,Reprovado,,,,,,,,A,False,,,,,,,,,,,False,,False,,False,,,,False,,,,,,False,,,,,,,,,False,,True,,,,,,,
75,8,4,G,,1M,M,M,15.0,,,True,1.0,False,,,,,Cursando,Aprovado,Reprovado,,,,,,,,A,False,,,,,,,,,,,False,,False,,False,,,,False,,,,,,False,,,,,,,,,False,,True,,,,,,,
76,8,4,G,,1N,N,T,15.0,,,True,1.0,False,,,,,Cursando,Aprovado,Reprovado,,,,,,,,A,False,,,,,,,,,,,False,,False,,False,,,,False,,,,,,False,,,,,,,,,False,,True,,,,,,,
77,8,4,G,,1R,R,M,15.0,,R,True,1.0,False,,,,,Cursando,Aprovado,Reprovado,,,,,,,,A,False,,,,,,,,,,,False,,False,,False,,,,False,,,,,,False,,,,,,,,,False,,True,,,,,,,
78,11,4,G,,2C,C,M,15.0,,,True,1.0,False,,,,,Cursando,Aprovado,Reprovado,,,,,,,,A,False,,,,,,,,,,,False,,False,,False,,,,False,,,,,,False,,,,,,,,,False,,True,,,,,,,
79,11,4,G,,2D,D,T,15.0,,,True,1.0,False,,,,,Cursando,Aprovado,Reprovado,,,,,,,,A,False,,,,,,,,,,,False,,False,,False,,,,False,,,,,,False,,,,,,,,,False,,True,,,,,,,
80,11,4,G,,2E,E,M,15.0,,,True,1.0,False,,,,,Cursando,Aprovado,Reprovado,,,,,,,,A,False,,,,,,,,,,,False,,False,,False,,,,False,,,,,,False,,,,,,,,,False,,True,,,,,,,
81,11,4,G,,2F,F,T,15.0,,,True,1.0,False,,,,,Cursando,Aprovado,Reprovado,,,,,,,,A,False,,,,,,,,,,,False,,False,,False,,,,False,,,,,,False,,,,,,,,,False,,True,,,,,,,
82,15,4,G,,3A,Nível A2,T,15.0,297.0,,True,1.0,False,,,,,Cursando,Aprovado,Reprovado,,,,,,,,A,False,,,,,,,,,,,False,,False,,False,,,,False,,,,,,False,,,,,,,,,False,,True,,,,,,,
83,15,4,G,,3B,Nível A2,T,15.0,297.0,,True,1.0,False,,,,,Cursando,Aprovado,Reprovado,,,,,,,,A,False,,,,,,,,,,,False,,False,,False,,,,False,,,,,,False,,,,,,,,,False,,True,,,,,,,
84,15,4,G,,3C,Nível A2,M,15.0,297.0,,True,1.0,False,,,,,Cursando,Aprovado,Reprovado,,,,,,,,A,False,,,,,,,,,,,False,,False,,False,,,,False,,,,,,False,,,,,,,,,False,,True,,,,,,,
85,15,4,G,,3D,Nível A2,M,15.0,297.0,,True,1.0,False,,,,,Cursando,Aprovado,Reprovado,,,,,,,,A,False,,,,,,,,,,,False,,False,,False,,,,False,,,,,,False,,,,,,,,,False,,True,,,,,,,
86,15,4,G,,3F,Nível A2,T,15.0,297.0,,True,1.0,False,,,,,Cursando,Aprovado,Reprovado,,,,,,,,A,False,,,,,,,,,,,False,,False,,False,,,,False,,,,,,False,,,,,,,,,False,,True,,,,,,,
87,15,4,G,,3G,Nível A2,T,15.0,297.0,,True,1.0,False,,,,,Cursando,Aprovado,Reprovado,,,,,,,,A,False,,,,,,,,,,,False,,False,,False,,,,False,,,,,,False,,,,,,,,,False,,True,,,,,,,
88,15,4,G,,3H,Nível A2,T,15.0,297.0,,True,1.0,False,,,,,Cursando,Aprovado,Reprovado,,,,,,,,A,False,,,,,,,,,,,False,,False,,False,,,,False,,,,,,False,,,,,,,,,False,,True,,,,,,,
89,11,4,G,,2G,G,T,15.0,,,True,1.0,False,,,,,Cursando,Aprovado,Reprovado,,,,,,,,A,False,,,,,,,,,,,False,,False,,False,,,,False,,,,,,False,,,,,,,,,False,,True,,,,,,,
90,15,4,G,,3J,Nível A2,T,15.0,297.0,,True,1.0,False,,,,,Cursando,Aprovado,Reprovado,,,,,,,,A,False,,,,,,,,,,,False,,False,,False,,,,False,,,,,,False,,,,,,,,,False,,True,,,,,,,
91,15,4,G,,3L,Nível A2,T,15.0,297.0,,True,1.0,False,,,,,Cursando,Aprovado,Reprovado,,,,,,,,A,False,,,,,,,,,,,False,,False,,False,,,,False,,,,,,False,,,,,,,,,False,,True,,,,,,,
92,11,4,G,,2H,H,N,15.0,,,True,1.0,False,,,,,Cursando,Aprovado,Reprovado,,,,,,,,A,False,,,,,,,,,,,False,,False,,False,,,,False,,,,,,False,,,,,,,,,False,,True,,,,,,,
93,15,4,G,,3M,Nível A2,M,15.0,297.0,,True,1.0,False,,,,,Cursando,Aprovado,Reprovado,,,,,,,,A,False,,,,,,,,,,,False,,False,,False,,,,False,,,,,,False,,,,,,,,,False,,True,,,,,,,
94,11,4,G,,2I,I,T,15.0,,,True,1.0,False,,,,,Cursando,Aprovado,Reprovado,,,,,,,,A,False,,,,,,,,,,,False,,False,,False,,,,False,,,,,,False,,,,,,,,,False,,True,,,,,,,
95,15,4,G,,3R,Nível A2,M,15.0,297.0,,True,1.0,False,,,,,Cursando,Aprovado,Reprovado,,,,,,,,A,False,,,,,,,,,,,False,,False,,False,,,,False,,,,,,False,,,,,,,,,False,,True,,,,,,,
96,11,4,G,,2J,J,N,15.0,,,True,1.0,False,,,,,Cursando,Aprovado,Reprovado,,,,,,,,A,False,,,,,,,,,,,False,,False,,False,,,,False,,,,,,False,,,,,,,,,False,,True,,,,,,,
97,11,4,G,,2K,K,M,15.0,,,True,1.0,False,,,,,Cursando,Aprovado,Reprovado,,,,,,,,A,False,,,,,,,,,,,False,,False,,False,,,,False,,,,,,False,,,,,,,,,False,,True,,,,,,,
98,11,4,G,,2L,L,T,15.0,,,True,1.0,False,,,,,Cursando,Aprovado,Reprovado,,,,,,,,A,False,,,,,,,,,,,False,,False,,False,,,,False,,,,,,False,,,,,,,,,False,,True,,,,,,,
99,25,4,G,,4A,Nível B1,T,15.0,297.0,,True,1.0,False,34.0,,,,Cursando,Aprovado,Reprovado,,,,,,,,A,False,,,,,,,,,,,False,,False,,False,,,,False,,,,,,False,,,,,,,,,False,,True,,,,,,,
100,11,4,G,,2M,M,M,15.0,,,True,1.0,False,,,,,Cursando,Aprovado,Reprovado,,,,,,,,A,False,,,,,,,,,,,False,,False,,False,,,,False,,,,,,False,,,,,,,,,False,,True,,,,,,,
101,11,4,G,,2N,N,T,15.0,,,True,1.0,False,,,,,Cursando,Aprovado,Reprovado,,,,,,,,A,False,,,,,,,,,,,False,,False,,False,,,,False,,,,,,False,,,,,,,,,False,,True,,,,,,,
102,25,4,G,,4E,Nível A2,M,15.0,297.0,,True,1.0,False,34.0,,,,Cursando,Aprovado,Reprovado,,,,,,,,A,False,,,,,,,,,,,False,,False,,False,,,,False,,,,,,False,,,,,,,,,False,,True,,,,,,,
103,11,4,G,,2P,P,M,15.0,,,True,1.0,False,,,,,Cursando,Aprovado,Reprovado,,,,,,,,A,False,,,,,,,,,,,False,,False,,False,,,,False,,,,,,False,,,,,,,,,False,,True,,,,,,,
104,11,4,G,,2R,R,M,15.0,,,True,1.0,False,,,,,Cursando,Aprovado,Reprovado,,,,,,,,A,False,,,,,,,,,,,False,,False,,False,,,,False,,,,,,False,,,,,,,,,False,,True,,,,,,,
105,25,4,G,,4F,Nível A2,T,15.0,297.0,,True,1.0,False,,,,,Cursando,Aprovado,Reprovado,,,,,,,,A,False,,,,,,,,,,,False,,False,,False,,,,False,,,,,,False,,,,,,,,,False,,True,,,,,,,
106,29,4,G,,6A,Nível B1,T,15.0,,,True,1.0,False,,,,,Cursando,Aprovado,Reprovado,,,,,,,,A,False,,,,,,,,,,,False,,False,,False,,,,False,,,,,,False,,,,,,,,,False,,True,,,,,,,
107,29,4,G,,6C,Nível B1,T,15.0,,,True,1.0,False,,,,,Cursando,Aprovado,Reprovado,,,,,,,,A,False,,,,,,,,,,,False,,False,,False,,,,False,,,,,,False,,,,,,,,,False,,True,,,,,,,
108,25,4,G,,4G,Nível B1,T,15.0,297.0,,True,1.0,False,,,,,Cursando,Aprovado,Reprovado,,,,,,,,A,False,,,,,,,,,,,False,,False,,False,,,,False,,,,,,False,,,,,,,,,False,,True,,,,,,,
109,25,4,G,,4L,Nível B1,T,15.0,297.0,,True,1.0,False,,,,,Cursando,Aprovado,Reprovado,,,,,,,,A,False,,,,,,,,,,,False,,False,,False,,,,False,,,,,,False,,,,,,,,,False,,True,,,,,,,
111,24,4,G,,5B,Nível B1,T,15.0,297.0,,True,1.0,False,,,,,Cursando,Aprovado,Reprovado,,,,,,,,A,False,,,,,,,,,,,False,,False,,False,,,,False,,,,,,False,,,,,,,,,False,,True,,,,,,,
112,24,4,G,,5F,Nível B1,T,15.0,297.0,,True,1.0,False,,,,,Cursando,Aprovado,Reprovado,,,,,,,,A,False,,,,,,,,,,,False,,False,,False,,,,False,,,,,,False,,,,,,,,,False,,True,,,,,,,
113,18,4,G,,8A,Nível B1,I,25.0,,,True,1.0,False,,,,,Cursando,Aprovado,Reprovado,,,,,,,,A,False,,,,,,,,,,,False,,False,,False,,,,False,,,,,,False,,,,,,,,,False,,True,,,,,,,
114,24,4,G,,5L,Nível B1,T,15.0,297.0,,True,1.0,False,,,,,Cursando,Aprovado,Reprovado,,,,,,,,A,False,,,,,,,,,,,False,,False,,False,,,,False,,,,,,False,,,,,,,,,False,,True,,,,,,,
115,18,4,G,,8B,Nível B1,I,25.0,,,True,1.0,False,,,,,Cursando,Aprovado,Reprovado,,,,,,,,A,False,,,,,,,,,,,False,,False,,False,,,,False,,,,,,False,,,,,,,,,False,,True,,,,,,,
116,18,4,G,,8C,SENAI,I,25.0,,,True,1.0,False,,,,,Cursando,Aprovado,Reprovado,,,,,,,,A,False,,,,,,,,,,,False,,False,,False,,,,False,,,,,,False,,,,,,,,,False,,True,,,,,,,
117,32,4,G,,7A,Nível B1,T,15.0,,,True,1.0,False,,,,,Cursando,Aprovado,Reprovado,,,,,,,,A,False,,,,,,,,,,,False,,False,,False,,,,False,,,,,,False,,,,,,,,,False,,True,,,,,,,
118,32,4,G,,7E,- - -,I,15.0,,,True,1.0,False,,,,,Cursando,Aprovado,Reprovado,,,,,,,,A,False,,,,,,,,,,,False,,False,,False,,,,False,,,,,,False,,,,,,,,,False,,True,,,,,,,
119,24,4,G,,5A,Nível B1,T,15.0,297.0,,True,1.0,False,,,,,Cursando,Aprovado,Reprovado,,,,,,,,A,False,,,,,,,,,,,False,,False,,False,,,,False,,,,,,False,,,,,,,,,False,,True,,,,,,,
120,2,4,G,,ALFA-J,G2,Z,10.0,,,True,1.0,False,,,,,Cursando,Aprovado,Reprovado,,,,,,,,A,False,,,,,,,,,,,False,,False,,False,,,,False,,,,,,False,,,,,,,,,False,,True,,,,,,,
121,2,4,G,,ALFA-K,G1,M,10.0,,,True,1.0,False,,,,,Cursando,Aprovado,Reprovado,,,,,,,,A,False,,,,,,,,,,,False,,False,,False,,,,False,,,,,,False,,,,,,,,,False,,True,,,,,,,
122,2,4,G,,ALFA-L,G0,M,10.0,,,True,1.0,False,,,,,Cursando,Aprovado,Reprovado,,,,,,,,A,False,,,,,,,,,,,False,,False,,False,,,,False,,,,,,False,,,,,,,,,False,,True,,,,,,,
123,2,4,G,,ALFA-M,G0,T,10.0,,,True,1.0,False,,,,,Cursando,Aprovado,Reprovado,,,,,,,,A,False,,,,,,,,,,,False,,False,,False,,,,False,,,,,,False,,,,,,,,,False,,True,,,,,,,
124,2,4,G,,ALFA-N,G1,T,10.0,,,True,1.0,False,,,,,Cursando,Aprovado,Reprovado,,,,,,,,A,False,,,,,,,,,,,False,,False,,False,,,,False,,,,,,False,,,,,,,,,False,,True,,,,,,,
125,2,4,G,,ALFA-O,G2,T,10.0,,,True,1.0,False,,,,,Cursando,Aprovado,Reprovado,,,,,,,,A,False,,,,,,,,,,,False,,False,,False,,,,False,,,,,,False,,,,,,,,,False,,True,,,,,,,
126,2,4,G,,ALFA-P,G2,T,10.0,,,True,1.0,False,,,,,Cursando,Aprovado,Reprovado,,,,,,,,A,False,,,,,,,,,,,False,,False,,False,,,,False,,,,,,False,,,,,,,,,False,,True,,,,,,,
127,2,4,G,,ALFA-Q,G2,M,10.0,,,True,1.0,False,,,,,Cursando,Aprovado,Reprovado,,,,,,,,A,False,,,,,,,,,,,False,,False,,False,,,,False,,,,,,False,,,,,,,,,False,,True,,,,,,,
128,2,4,G,,ALFA-R,G2/G3,M,10.0,,,True,1.0,False,,,,,Cursando,Aprovado,Reprovado,,,,,,,,A,False,,,,,,,,,,,False,,False,,False,,,,False,,,,,,False,,,,,,,,,False,,True,,,,,,,
129,2,4,G,,ALFA-S,G2,Z,10.0,,,True,1.0,False,,,,,Cursando,Aprovado,Reprovado,,,,,,,,A,False,,,,,,,,,,,False,,False,,False,,,,False,,,,,,False,,,,,,,,,False,,True,,,,,,,
130,2,4,G,,ALFA-T,G3,Z,10.0,,,True,1.0,False,,,,,Cursando,Aprovado,Reprovado,,,,,,,,A,False,,,,,,,,,,,False,,False,,False,,,,False,,,,,,False,,,,,,,,,False,,True,,,,,,,
131,33,4,G,,Deutschkurs,Idioma,S,100.0,,,True,,False,,,,,Cursando,Aprovado,Reprovado,,,,,,,,A,False,,,,,,,,,,,False,,False,,False,,,,False,,,,,,False,,,,,,,,,False,,True,,,,,,,
132,34,4,G,,Passos Matemágicos,Extra,Z,100.0,,,True,1.0,True,,,,,Cursando,Aprovado,Reprovado,,,,,,,,A,False,,,,,,,,,,,False,,False,,False,,,,False,,,,,,False,,,,,,,,,False,,True,,,,,,,
133,35,4,G,,Coração Matemático,Extra,Z,100.0,,,True,,False,,,,,Cursando,Aprovado,Reprovado,,,,,,,,A,False,,,,,,,,,,,False,,False,,False,,,,False,,,,,,False,,,,,,,,,False,,True,,,,,,,
134,37,4,G,,Clube do Livro,Extra,T,100.0,,,False,1.0,False,,,,,Cursando,Aprovado,Reprovado,,,,,,,,A,False,,,,,,,,,,,False,,False,,False,,,,False,,,,,,False,,,,,,,,,False,,True,,,,,,,
135,36,4,G,,Preparatório USP,Extra,I,100.0,,,True,,False,,,,,Cursando,Aprovado,Reprovado,,,,,,,,A,False,,,,,,,,,,,False,,False,,False,,,,False,,,,,,False,,,,,,,,,False,,True,,,,,,,
136,42,4,G,,English Changes Lives,idioma,S,100.0,,,True,,False,,,,,Cursando,Aprovado,Reprovado,,,,,,,,A,False,,,,,,,,,,,False,,False,,False,,,,False,,,,,,False,,,,,,,,,False,,True,,,,,,,
137,41,4,G,,Arte e Magia,Extra,I,130.0,,,False,1.0,False,,,,,Cursando,Aprovado,Reprovado,,,,,,,,A,False,,,,,,,,,,,False,,False,,False,,,,False,,,,,,False,,,,,,,,,False,,True,,,,,,,
138,40,4,G,,Expandindo Horizontes,Fiap,I,100.0,,,True,,False,,,,,Cursando,Aprovado,Reprovado,,,,,,,,A,False,,,,,,,,,,,False,,False,,False,,,,False,,,,,,False,,,,,,,,,False,,True,,,,,,,
140,38,4,G,,Aprenda como Einstein,Extra,I,100.0,,,True,,False,,,,,Cursando,Aprovado,Reprovado,,,,,,,,A,False,,,,,,,,,,,False,,False,,False,,,,False,,,,,,False,,,,,,,,,False,,True,,,,,,,
141,43,4,G,,Aula de Coreano,Idioma,I,100.0,,,True,,False,,,,,Cursando,Aprovado,Reprovado,,,,,,,,A,False,,,,,,,,,,,False,,False,,False,,,,False,,,,,,False,,,,,,,,,False,,True,,,,,,,
142,44,4,G,,Lendo Clássicos,Extra,I,100.0,,,False,1.0,False,,,,,Cursando,Aprovado,Reprovado,,,,,,,,A,False,,,,,,,,,,,False,,False,,False,,,,False,,,,,,False,,,,,,,,,False,,True,,,,,,,
143,45,4,G,,Encontro de Carinho,Extra,I,100.0,,,True,,False,,,,,Cursando,Aprovado,Reprovado,,,,,,,,A,False,,,,,,,,,,,False,,False,,False,,,,False,,,,,,False,,,,,,,,,False,,True,,,,,,,
144,46,4,G,,Minha 1ª volta ao Mundo,Extra,I,15.0,,A,True,,False,,,,,Cursando,Aprovado,Reprovado,,,,,,,,A,False,,,,,,,,,,,False,,False,,False,,,,False,,,,,,False,,,,,,,,,False,,True,,,,,,,
145,47,4,G,,Eu no Comando,Extra,I,100.0,,,True,,False,,,,,Cursando,Aprovado,Reprovado,,,,,,,,A,False,,,,,,,,,,,False,,False,,False,,,,False,,,,,,False,,,,,,,,,False,,True,,,,,,,
146,48,4,G,,Raciocínio Lógico,Extra,I,100.0,,,True,,False,,,,,Cursando,Aprovado,Reprovado,,,,,,,,A,False,,,,,,,,,,,False,,False,,False,,,,False,,,,,,False,,,,,,,,,False,,True,,,,,,,
147,2,5,G,,ALFA-I,G2/G3,M,10.0,,,False,1.0,False,,,,,Cursando,Aprovado,Reprovado,,,,,,,,A,,,,,,,,,,,,False,,False,8.0,False,,,,True,,,,,,False,,,,,,,,,False,,True,,,,,,,
148,2,5,G,,ALFA-Q,G2/G3,T,10.0,,,False,,False,,,,,Cursando,Aprovado,Reprovado,,,,,,,,A,False,,,,,,,,,,,False,,False,8.0,False,,,,True,,,,,,False,,,,,,,,,False,,True,,,,,,,
149,2,5,G,,ALFA-K,G0/G1,T,10.0,,,False,1.0,False,,,,,Cursando,Aprovado,Reprovado,,,,,,,,A,False,,,,,,,,,,,False,,False,8.0,False,,,,True,,,,,,False,,,,,,,,,False,,True,,,,,,,
150,2,5,G,,ALFA-L,G2/G3,T,10.0,,,False,,False,,,,,Cursando,Aprovado,Reprovado,,,,,,,,A,False,,,,,,,,,,,False,,False,8.0,False,,,,True,,,,,,False,,,,,,,,,False,,True,,,,,,,
151,2,5,G,,ALFA-M,G0/G1,M,10.0,,,False,1.0,False,,,,,Cursando,Aprovado,Reprovado,,,,,,,,A,False,,,,,,,,,,,False,,False,8.0,False,,,,True,,,,,,False,,,,,,,,,False,,True,,,,,,,
152,2,5,G,,ALFA-N,G2/G3,M,10.0,,,False,,False,,,,,Cursando,Aprovado,Reprovado,,,,,,,,A,False,,,,,,,,,,,False,,False,8.0,False,,,,True,,,,,,False,,,,,,,,,False,,True,,,,,,,
153,2,5,G,,ALFA-O,G2/G3,T,10.0,,,False,1.0,False,,,,,Cursando,Aprovado,Reprovado,,,,,,,,A,False,,,,,,,,,,,False,,False,8.0,False,,,,True,,,,,,False,,,,,,,,,False,,True,,,,,,,
156,2,5,G,,ALFA-R,G0/G1,M,10.0,,,False,,False,,,,,Cursando,Aprovado,Reprovado,,,,,,,,A,False,,,,,,,,,,,False,,False,8.0,False,,,,True,,,,,,False,,,,,,,,,False,,True,,,,,,,
157,2,5,G,,ALFA-S,G2/G3,M,10.0,,,False,1.0,False,,,,,Cursando,Aprovado,Reprovado,,,,,,,,A,False,,,,,,,,,,,False,,False,8.0,False,,,,True,,,,,,False,,,,,,,,,False,,True,,,,,,,
159,8,5,G,,1A,1A,T,15.0,,,False,1.0,False,,,,,Cursando,Aprovado,Reprovado,,,,,,,,A,,,,,,,,,,,,False,,False,8.0,False,,,,True,,,,,,False,,,,,,,,,False,,True,,,,,,,
160,8,5,G,,1B,1B,T,15.0,,B,False,1.0,False,,,,,Cursando,Aprovado,Reprovado,,,,,,,,A,False,,,,,,,,,,,False,,False,8.0,False,,,,True,,,,,,False,,,,,,,,,False,,True,,,,,,,
161,8,5,G,,1C,1C,T,15.0,,,False,1.0,False,,,,,Cursando,Aprovado,Reprovado,,,,,,,,A,False,,,,,,,,,,,False,,False,8.0,False,,,,True,,,,,,False,,,,,,,,,False,,True,,,,,,,
162,8,5,G,,1E,1E,M,15.0,,,False,1.0,False,,,,,Cursando,Aprovado,Reprovado,,,,,,,,A,False,,,,,,,,,,,False,,False,8.0,False,,,,True,,,,,,False,,,,,,,,,False,,True,,,,,,,
163,8,5,G,,1F,1F,T,15.0,,F,False,1.0,False,,,,,Cursando,Aprovado,Reprovado,,,,,,,,A,False,,,,,,,,,,,False,,False,8.0,False,,,,True,,,,,,False,,,,,,,,,False,,True,,,,,,,
164,8,5,G,,1G,1G,T,15.0,,G,False,1.0,False,,,,,Cursando,Aprovado,Reprovado,,,,,,,,A,False,,,,,,,,,,,False,,False,8.0,False,,,,True,,,,,,False,,,,,,,,,False,,True,,,,,,,
165,8,5,G,,1J,1J,M,15.0,,,False,1.0,False,,,,,Cursando,Aprovado,Reprovado,,,,,,,,A,False,,,,,,,,,,,False,,False,8.0,False,,,,True,,,,,,False,,,,,,,,,False,,True,,,,,,,
166,8,5,G,,1M,1M,M,15.0,,,False,1.0,False,,,,,Cursando,Aprovado,Reprovado,,,,,,,,A,False,,,,,,,,,,,False,,False,8.0,False,,,,True,,,,,,False,,,,,,,,,False,,True,,,,,,,
167,8,5,G,,1N,1N,M,15.0,,,False,1.0,False,,,,,Cursando,Aprovado,Reprovado,,,,,,,,A,False,,,,,,,,,,,False,,False,8.0,False,,,,True,,,,,,False,,,,,,,,,False,,True,,,,,,,
168,8,5,G,,1R,1R,M,15.0,,R,False,1.0,False,,,,,Cursando,Aprovado,Reprovado,,,,,,,,A,False,,,,,,,,,,,False,,False,8.0,False,,,,True,,,,,,False,,,,,,,,,False,,True,,,,,,,
169,11,5,G,,2A,2A,T,15.0,,A,False,1.0,False,,,,,Cursando,Aprovado,Reprovado,,,,,,,,A,,,,,,,,,,,,False,,False,8.0,False,,,,True,,,,,,False,,,,,,,,,False,,True,,,,,,,
170,11,5,G,,2B,2B,T,15.0,,,False,1.0,False,,,,,Cursando,Aprovado,Reprovado,,,,,,,,A,,,,,,,,,,,,False,,False,8.0,False,,,,True,,,,,,False,,,,,,,,,False,,True,,,,,,,
172,11,5,G,,2D,2D,T,15.0,,,False,1.0,False,,,,,Cursando,Aprovado,Reprovado,,,,,,,,A,False,,,,,,,,,,,False,,False,8.0,False,,,,True,,,,,,False,,,,,,,,,False,,True,,,,,,,
174,11,5,G,,2F,2F,T,15.0,,,False,1.0,False,,,,,Cursando,Aprovado,Reprovado,,,,,,,,A,False,,,,,,,,,,,False,,False,8.0,False,,,,True,,,,,,False,,,,,,,,,False,,True,,,,,,,
177,11,5,G,,2I,2I,T,15.0,,,False,1.0,False,,,,,Cursando,Aprovado,Reprovado,,,,,,,,A,False,,,,,,,,,,,False,,False,8.0,False,,,,True,,,,,,False,,,,,,,,,False,,True,,,,,,,
178,11,5,G,,2J,2J,N,15.0,,,False,1.0,False,,,,,Cursando,Aprovado,Reprovado,,,,,,,,A,False,,,,,,,,,,,False,,False,8.0,False,,,,True,,,,,,False,,,,,,,,,False,,True,,,,,,,
179,11,5,G,,2K,2K,M,15.0,,,False,1.0,False,,,,,Cursando,Aprovado,Reprovado,,,,,,,,A,False,,,,,,,,,,,False,,False,8.0,False,,,,True,,,,,,False,,,,,,,,,False,,True,,,,,,,
180,11,5,G,,2L,2L,T,15.0,,,False,1.0,False,,,,,Cursando,Aprovado,Reprovado,,,,,,,,A,False,,,,,,,,,,,False,,False,8.0,False,,,,True,,,,,,False,,,,,,,,,False,,True,,,,,,,
181,11,5,G,,2M,2M,M,15.0,,,True,1.0,False,,,,,Cursando,Aprovado,Reprovado,,,,,,,,A,False,,,,,,,,,,,False,,False,8.0,False,,,,True,,,,,,False,,,,,,,,,False,,True,,,,,,,
183,11,5,G,,2P,2P,M,15.0,,,True,1.0,False,,,,,Cursando,Aprovado,Reprovado,,,,,,,,A,False,,,,,,,,,,,False,,False,8.0,False,,,,True,,,,,,False,,,,,,,,,False,,True,,,,,,,
185,15,5,G,,3A,3A,T,15.0,,,False,,False,,,,,Cursando,Aprovado,Reprovado,,,,,,,,A,False,,,,,,,,,,,False,,False,8.0,False,,,,True,,,,,,False,,,,,,,,,False,,True,,,,,,,
186,15,5,G,,3B,3B,T,15.0,,,False,1.0,False,,,,,Cursando,Aprovado,Reprovado,,,,,,,,A,False,,,,,,,,,,,False,,False,8.0,False,,,,True,,,,,,False,,,,,,,,,False,,True,,,,,,,
187,15,5,G,,3C,3C,M,15.0,,,False,,False,,,,,Cursando,Aprovado,Reprovado,,,,,,,,A,False,,,,,,,,,,,False,,False,8.0,False,,,,True,,,,,,False,,,,,,,,,False,,True,,,,,,,
188,15,5,G,,3D,3D,M,15.0,,,False,1.0,False,,,,,Cursando,Aprovado,Reprovado,,,,,,,,A,False,,,,,,,,,,,False,,False,8.0,False,,,,True,,,,,,False,,,,,,,,,False,,True,,,,,,,
189,15,5,G,,3F,3F,T,15.0,,,False,,False,,,,,Cursando,Aprovado,Reprovado,,,,,,,,A,False,,,,,,,,,,,False,,False,8.0,False,,,,True,,,,,,False,,,,,,,,,False,,True,,,,,,,
190,15,5,G,,3G,3G,T,15.0,,,False,1.0,False,,,,,Cursando,Aprovado,Reprovado,,,,,,,,A,False,,,,,,,,,,,False,,False,8.0,False,,,,True,,,,,,False,,,,,,,,,False,,True,,,,,,,
193,15,5,G,,3L,3L,M,15.0,,,False,,False,,,,,Cursando,Aprovado,Reprovado,,,,,,,,A,False,,,,,,,,,,,False,,False,8.0,False,,,,True,,,,,,False,,,,,,,,,False,,True,,,,,,,
194,15,5,G,,3M,3M,T,15.0,,,False,1.0,False,,,,,Cursando,Aprovado,Reprovado,,,,,,,,A,False,,,,,,,,,,,False,,False,8.0,False,,,,True,,,,,,False,,,,,,,,,False,,True,,,,,,,
196,18,5,G,,8A,8A,I,25.0,,,False,,False,,,,,Cursando,Aprovado,Reprovado,,,,,,,,A,False,,,,,,,,,,,False,,False,,False,,,,True,,,,,,False,,,,,,,,,False,,True,,,,,,,
197,18,5,G,,8B,8B,I,25.0,,,False,1.0,False,,,,,Cursando,Aprovado,Reprovado,,,,,,,,A,False,,,,,,,,,,,False,,False,,False,,,,True,,,,,,False,,,,,,,,,False,,True,,,,,,,
198,18,5,G,,8C,8C,I,25.0,,,False,,False,,,,,Cursando,Aprovado,Reprovado,,,,,,,,A,False,,,,,,,,,,,False,,False,,False,,,,True,,,,,,False,,,,,,,,,False,,True,,,,,,,
199,24,5,G,,5B,5B,T,15.0,,,False,1.0,False,,,,,Cursando,Aprovado,Reprovado,,,,,,,,A,False,,,,,,,,,,,False,,False,8.0,False,,,,True,,,,,,False,,,,,,,,,False,,True,,,,,,,
200,24,5,G,,5F,5F,Z,15.0,,,False,,False,,,,,Cursando,Aprovado,Reprovado,,,,,,,,A,False,,,,,,,,,,,False,,False,8.0,False,,,,True,,,,,,False,,,,,,,,,False,,True,,,,,,,
201,24,5,G,,5L,5L,T,15.0,,,False,1.0,False,,,,,Cursando,Aprovado,Reprovado,,,,,,,,A,False,,,,,,,,,,,False,,False,8.0,False,,,,True,,,,,,False,,,,,,,,,False,,True,,,,,,,
202,24,5,G,,5A,5A,T,15.0,,,False,,False,,,,,Cursando,Aprovado,Reprovado,,,,,,,,A,False,,,,,,,,,,,False,,False,8.0,False,,,,True,,,,,,False,,,,,,,,,False,,True,,,,,,,
203,25,5,G,,4A,4A,T,15.0,,,False,1.0,False,34.0,,,,Cursando,Aprovado,Reprovado,,,,,,,,A,False,,,,,,,,,,,False,,False,8.0,False,,,,True,,,,,,False,,,,,,,,,False,,True,,,,,,,
205,25,5,G,,4F,4F,Z,15.0,,,False,,False,,,,,Cursando,Aprovado,Reprovado,,,,,,,,A,False,,,,,,,,,,,False,,False,8.0,False,,,,True,,,,,,False,,,,,,,,,False,,True,,,,,,,
207,25,5,G,,4L,4L,T,15.0,,,False,1.0,False,,,,,Cursando,Aprovado,Reprovado,,,,,,,,A,False,,,,,,,,,,,False,,False,8.0,False,,,,True,,,,,,False,,,,,,,,,False,,True,,,,,,,
208,29,5,G,,6A,6A,T,20.0,,,False,1.0,False,,,,,Cursando,Aprovado,Reprovado,,,,,,,,A,False,,,,,,,,,,,False,,False,8.0,False,,,,True,,,,,,False,,,,,,,,,False,,True,,,,,,,
210,32,5,G,,7A,7A,T,30.0,,,False,1.0,False,,,,,Cursando,Aprovado,Reprovado,,,,,,,,A,False,,,,,,,,,,,False,,False,8.0,False,,,,True,,,,,,False,,,,,,,,,False,,True,,,,,,,
211,32,5,G,,7E,7E,I,15.0,,,False,,False,,,,,Cursando,Aprovado,Reprovado,,,,,,,,A,False,,,,,,,,,,,False,,False,,False,,,,True,,,,,,False,,,,,,,,,False,,True,,,,,,,
212,33,5,G,,Deutschkurs,Idioma,S,100.0,,,False,1.0,False,,,,,Cursando,Aprovado,Reprovado,,,,,,,,A,False,,,,,,,,,,,False,,False,,False,,,,True,,,,,,False,,,,,,,,,False,,True,,,,,,,
213,34,5,G,,Matemática + Grupo 1 (Fase 4),Extra,Z,130.0,,,True,1.0,False,,,,,Cursando,Aprovado,Reprovado,,,,,,,,A,False,,,,,,,,,,,False,,False,,False,,,,True,,,,,,False,,,,,,,,,False,,True,,,,,,,
214,35,5,G,,Coração Matemático - Grupo 1,Extra,Z,130.0,,,True,1.0,False,,,,,Cursando,Aprovado,Reprovado,,,,,,,,A,False,,,,,,,,,,,False,,False,,False,,,,True,,,,,,False,,,,,,,,,False,,True,,,,,,,
215,36,5,G,,Preparatório USP,Extra,I,100.0,,,False,,False,,,,,Cursando,Aprovado,Reprovado,,,,,,,,A,False,,,,,,,,,,,False,,False,,False,,,,True,,,,,,False,,,,,,,,,False,,True,,,,,,,
216,37,5,G,,Clube do Livro - Grupo 1 (Fase 3),Extra,T,130.0,,,False,1.0,False,,,,,Cursando,Aprovado,Reprovado,,,,,,,,A,False,,,,,,,,,,,False,,False,,False,,,,True,,,,,,False,,,,,,,,,False,,True,,,,,,,
217,38,5,G,,Aprenda como Einstein,Extra,I,100.0,,,False,1.0,False,,,,,Cursando,Aprovado,Reprovado,,,,,,,,A,False,,,,,,,,,,,False,,False,,False,,,,True,,,,,,False,,,,,,,,,False,,True,,,,,,,
218,40,5,G,,Expandindo Horizontes,Fiap,I,100.0,,,False,1.0,False,,,,,Cursando,Aprovado,Reprovado,,,,,,,,A,False,,,,,,,,,,,False,,False,,False,,,,True,,,,,,False,,,,,,,,,False,,True,,,,,,,
219,41,5,G,,Arte e Magia - Grupo A Manhã,Extra,M,130.0,,,True,1.0,False,,,,,Cursando,Aprovado,Reprovado,,,,,,,,A,False,,,,,,,,,,,False,,False,,False,,,,True,,,,,,False,,,,,,,,,False,,True,,,,,,,
220,42,5,G,,English Chances Lives,idioma,S,100.0,,,False,1.0,False,,,,,Cursando,Aprovado,Reprovado,,,,,,,,A,False,,,,,,,,,,,False,,False,,False,,,,True,,,,,,False,,,,,,,,,False,,True,,,,,,,
221,43,5,G,,Aula de Coreano,Idioma,I,100.0,,,False,1.0,False,,,,,Cursando,Aprovado,Reprovado,,,,,,,,A,False,,,,,,,,,,,False,,False,,False,,,,True,,,,,,False,,,,,,,,,False,,True,,,,,,,
222,44,5,G,,Lendo Clássicos,Extra,I,100.0,,,False,1.0,False,,,,,Cursando,Aprovado,Reprovado,,,,,,,,A,False,,,,,,,,,,,False,,False,,False,,,,True,,,,,,False,,,,,,,,,False,,True,,,,,,,
223,45,5,G,,Encontro com Carinho - Grupo 1,Extra,I,130.0,,,True,,False,,,,,Cursando,Aprovado,Reprovado,,,,,,,,A,False,,,,,,,,,,,False,,False,,False,,,,True,,,,,,False,,,,,,,,,False,,True,,,,,,,
224,46,5,G,,Minha 1ª volta ao Mundo - Grupo 2,Extra,I,130.0,,,True,,False,,,,,Cursando,Aprovado,Reprovado,,,,,,,,A,False,,,,,,,,,,,False,,False,,False,,,,True,,,,,,False,,,,,,,,,False,,True,,,,,,,
225,47,5,G,,Eu no Comando,Extra,I,100.0,,,False,,False,,,,,Cursando,Aprovado,Reprovado,,,,,,,,A,False,,,,,,,,,,,False,,False,,False,,,,True,,,,,,False,,,,,,,,,False,,True,,,,,,,
226,48,5,G,,Raciocínio Lógico,Extra,I,100.0,,,False,1.0,False,,,,,Cursando,Aprovado,Reprovado,,,,,,,,A,False,,,,,,,,,,,False,,False,,False,,,,True,,,,,,False,,,,,,,,,False,,True,,,,,,,
227,50,4,G,,English Plus,Idioma,T,100.0,,,False,1.0,False,,,,,Cursando,Aprovado,Reprovado,,,,,,,,A,False,,,,,,,,,,,False,,False,,False,,,,False,,,,,,False,,,,,,,,,False,,True,,,,,,,
228,49,4,G,,Preparatório Inglês TOEIC,Idioma,S,100.0,,,True,,False,,,,,Cursando,Aprovado,Reprovado,,,,,,,,A,False,,,,,,,,,,,False,,False,,False,,,,False,,,,,,False,,,,,,,,,False,,True,,,,,,,
229,52,4,G,,Acompanhamento Bolsistas União,Extra,T,200.0,,,True,,False,,,,,Cursando,Aprovado,Reprovado,,,,,,,,A,False,,,,,,,,,,,False,,False,,False,,,,False,,,,,,False,,,,,,,,,False,,True,,,,,,,
230,51,4,G,,Aula Extra,Idioma,T,100.0,,,True,,False,,,,,Cursando,Aprovado,Reprovado,,,,,,,,A,False,,,,,,,,,,,False,,False,,False,,,,False,,,,,,False,,,,,,,,,False,,True,,,,,,,
231,29,4,G,,6P,Nível A2,Z,15.0,,,True,1.0,False,,,,,Cursando,Aprovado,Reprovado,,,,,,,,A,False,,,,,,,,,,,False,,False,,False,,,,False,,,,,,False,,,,,,,,,False,,True,,,,,,,
234,54,5,D,5.0,A2-Austria (Cipó),A2-Austria,T,40.0,,,True,,False,,,,,Cursando,Aprovado,Reprovado,,,,,,,,A,,,,,,,,,,,,False,,False,8.0,False,,,,True,,,,,,False,,,,,,ItFor,L,,False,,True,,,,,,,
235,2,5,G,,ALFA-A,G0/G1,T,10.0,,,False,,False,,,,,Cursando,Aprovado,Reprovado,,,,,,,,A,False,,,,,,,,,,,False,,False,8.0,False,,,,False,,,,,,False,,,,,,,,,False,,True,,,,,,,
236,2,5,G,,ALFA-B,G2/G3,T,10.0,,,False,1.0,False,,,,,Cursando,Aprovado,Reprovado,,,,,,,,A,False,,,,,,,,,,,False,,False,8.0,False,,,,False,,,,,,False,,,,,,,,,False,,True,,,,,,,
237,2,5,G,,ALFA-C,G0/G1,M,10.0,,,False,,False,,,,,Cursando,Aprovado,Reprovado,,,,,,,,A,False,,,,,,,,,,,False,,False,8.0,False,,,,False,,,,,,False,,,,,,,,,False,,True,,,,,,,
238,2,5,G,,ALFA-D,G2/G3,M,10.0,,,False,1.0,False,,,,,Cursando,Aprovado,Reprovado,,,,,,,,A,False,,,,,,,,,,,False,,False,8.0,False,,,,False,,,,,,False,,,,,,,,,False,,True,,,,,,,
239,2,5,G,,ALFA-F,G0/G1,T,10.0,,,False,,False,,,,,Cursando,Aprovado,Reprovado,,,,,,,,A,False,,,,,,,,,,,False,,False,8.0,False,,,,False,,,,,,False,,,,,,,,,False,,True,,,,,,,
240,2,5,G,,ALFA-G,G2/G3,T,10.0,,,False,1.0,False,,,,,Cursando,Aprovado,Reprovado,,,,,,,,A,False,,,,,,,,,,,False,,False,8.0,False,,,,False,,,,,,False,,,,,,,,,False,,True,,,,,,,
241,2,5,G,,ALFA-H,G0/G1,M,10.0,,,False,,False,,,,,Cursando,Aprovado,Reprovado,,,,,,,,A,False,,,,,,,,,,,False,,False,8.0,False,,,,False,,,,,,False,,,,,,,,,False,,True,,,,,,,
242,15,5,G,,3I,3I,M,15.0,,,False,,False,,,,,Cursando,Aprovado,Reprovado,,,,,,,,A,False,,,,,,,,,,,False,,False,8.0,False,,,,False,,,,,,False,,,,,,,,,False,,True,,,,,,,
243,25,5,G,,4H,4H,M,15.0,,,False,,False,,,,,Cursando,Aprovado,Reprovado,,,,,,,,A,False,,,,,,,,,,,False,,False,8.0,False,,,,False,,,,,,False,,,,,,,,,False,,True,,,,,,,
244,8,5,G,,1H,1H,T,15.0,,,False,1.0,False,,,,,Cursando,Aprovado,Reprovado,,,,,,,,A,False,,,,,,,,,,,False,,False,8.0,False,,,,False,,,,,,False,,,,,,,,,False,,True,,,,,,,
247,11,5,G,,2Q,2Q,M,15.0,,,False,1.0,False,,,,,Cursando,Aprovado,Reprovado,,,,,,,,A,False,,,,,,,,,,,False,,False,8.0,False,,,,False,,,,,,False,,,,,,,,,False,,True,,,,,,,
248,8,5,G,,1P,1P,T,15.0,,,False,1.0,False,,,,,Cursando,Aprovado,Reprovado,,,,,,,,A,False,,,,,,,,,,,False,,False,8.0,False,,,,False,,,,,,False,,,,,,,,,False,,True,,,,,,,
249,25,5,G,,4P,4P,T,16.0,,,False,1.0,False,,,,,Cursando,Aprovado,Reprovado,,,,,,,,A,False,,,,,,,,,,,False,,False,8.0,False,,,,False,,,,,,False,,,,,,,,,False,,True,,,,,,,
251,8,5,G,,1L,1L,T,15.0,,,False,1.0,False,,,,,Cursando,Aprovado,Reprovado,,,,,,,,A,False,,,,,,,,,,,False,,False,8.0,False,,,,False,,,,,,False,,,,,,,,,False,,True,,,,,,,
255,24,5,G,,5K,5K,N,16.0,,,False,1.0,False,,,,,Cursando,Aprovado,Reprovado,,,,,,,,A,False,,,,,,,,,,,False,,False,8.0,False,,,,False,,,,,,False,,,,,,,,,False,,True,,,,,,,
256,15,5,G,,3K,3K,T,15.0,,,False,1.0,False,,,,,Cursando,Aprovado,Reprovado,,,,,,,,A,False,,,,,,,,,,,False,,False,8.0,False,,,,False,,,,,,False,,,,,,,,,False,,True,,,,,,,
257,8,5,G,,1D,1D,M,15.0,,,False,1.0,False,,,,,Cursando,Aprovado,Reprovado,,,,,,,,A,False,,,,,,,,,,,False,,False,8.0,False,,,,False,,,,,,False,,,,,,,,,False,,True,,,,,,,
266,25,5,G,,4B,4B,T,15.0,,,False,,False,,,,,Cursando,Aprovado,Reprovado,,,,,,,,A,False,,,,,,,,,,,False,,False,8.0,False,,,,False,,,,,,False,,,,,,,,,False,,True,,,,,,,
267,8,5,G,,1K,1K,T,15.0,,,False,1.0,False,,,,,Cursando,Aprovado,Reprovado,,,,,,,,A,False,,,,,,,,,,,False,,False,8.0,False,,,,False,,,,,,False,,,,,,,,,False,,True,,,,,,,
270,18,5,G,,8D,8D,I,30.0,,,False,1.0,False,,,,,Cursando,Aprovado,Reprovado,,,,,,,,A,False,,,,,,,,,,,False,,False,,False,,,,False,,,,,,False,,,,,,,,,False,,True,,,,,,,
271,18,5,G,,8E,8E,I,30.0,,,False,,False,,,,,Cursando,Aprovado,Reprovado,,,,,,,,A,False,,,,,,,,,,,False,,False,,False,,,,False,,,,,,False,,,,,,,,,False,,True,,,,,,,
272,18,5,G,,8F,8F,I,30.0,,,False,1.0,False,,,,,Cursando,Aprovado,Reprovado,,,,,,,,A,False,,,,,,,,,,,False,,False,,False,,,,False,,,,,,False,,,,,,,,,False,,True,,,,,,,
273,54,5,D,5.0,A1-Brazil (Centro),A1-Brazil,T,40.0,,,True,,False,,,,,Cursando,Aprovado,Reprovado,,,,,,,,A,,,,,,,,,,,,False,,False,8.0,True,"( 32, 33, 34, 49, 50, 51, 82, 83, 84, 85, 86, 87, 88, 90, 91, 93, 95, 185, 186, 187, 188, 189, 190, 191, 242, 192, 256, 193, 194, 254, 252, 195, 99, 102, 105, 108, 109, 203, 266, 204, 205, 206, 243, 269, 268, 207, 249, 119, 111, 112, 114, 202, 199, 200, 255, 201, 106, 107, 231, 208, 209, 246, 117, 118, 210, 211, 113, 115, 116, 196, 197, 198, 270, 271, 272 ) ### 75 Turmas selecionadas",,,True,,,,,,False,,,,,,ItFor,L,,False,,True,,,,,,,
274,54,5,D,5.0,A1-Chile (Centro),A1-Chile,N,40.0,,,True,,False,,,,,Cursando,Aprovado,Reprovado,,,,,,,,A,,,,,,,,,,,,False,,False,8.0,False,,,,True,,,,,,False,,,,,,ItFor,L,,False,,True,,,,,,,
275,54,4,D,5.0,A1-Argentina (Centro),A1-Argen,M,40.0,,,True,,True,,,,,Cursando,Aprovado,Reprovado,,,,,,,,A,,,,,,,,,,,,False,,False,,True,"( 185, 186, 187, 188, 189, 190, 191, 242, 192, 256, 193, 194, 254, 252, 195, 203, 266, 204, 205, 206, 243, 269, 268, 207, 249, 202, 199, 200, 255, 201, 208, 209, 246, 210, 211, 196, 197, 198, 270, 271, 272 ) ### 41 Turmas selecionadas",,,True,,,,,,False,,,,,,ItFor,L,,True,,True,,,,,,,
276,54,5,D,5.0,A1-The USA (Filip),A1-The USA,N,40.0,,,True,,False,,,,,Cursando,Aprovado,Reprovado,,,,,,,,A,,,,,,,,,,,,False,,False,8.0,False,,,,True,,,,,,False,,,,,,ItFor,L,,False,,True,,,,,,,
277,54,5,D,5.0,A1-Kenya (Cipó),A1-Kenya,Z,40.0,,,True,,False,,,,,Cursando,Aprovado,Reprovado,,,,,,,,A,,,,,,,,,,,,False,,False,8.0,False,,,,True,,,,,,False,,,,,,ItFor,L,,False,,True,,,,,,,
278,54,5,D,5.0,A2-Nigeria (Centro),A2-Nigeria,T,40.0,,,True,,False,,,,,Cursando,Aprovado,Reprovado,,,,,,,,A,,,,,,,,,,,,False,,False,8.0,False,,,,True,,,,,,False,,,,,,ItFor,L,,False,,True,,,,,,,
280,54,5,D,5.0,A2-France (Centro),A2-France,M,40.0,,,True,,False,,,,,Cursando,Aprovado,Reprovado,,,,,,,,A,,,,,,,,,,,,False,,False,,False,,,,True,,,,,,False,,,,,,ItFor,L,,False,,True,,,,,,,
281,54,5,D,5.0,A1-Mexico (Cipó),A1-Mexico,T,40.0,,,True,,False,,,,,Cursando,Aprovado,Reprovado,,,,,,,,A,,,,,,,,,,,,False,,False,8.0,False,,,,True,,,,,,False,,,,,,ItFor,L,,False,,True,,,,,,,
283,54,5,D,5.0,A1-Uruguay (Cipó),A1-Uruguay,M,40.0,,,True,,False,,,,,Cursando,Aprovado,Reprovado,,,,,,,,A,,,,,,,,,,,,False,,False,8.0,False,,,,True,,,,,,False,,,,,,ItFor,L,,False,,True,,,,,,,
285,54,5,D,5.0,A2-Germany (Centro),A2-Germany,T,40.0,,,True,,False,,,,,Cursando,Aprovado,Reprovado,,,,,,,,A,,,,,,,,,,,,False,,False,8.0,False,,,,True,,,,,,False,,,,,,ItFor,L,,False,,True,,,,,,,
286,54,5,D,5.0,A1-Belgium (Filip),A1-Belgium,T,40.0,,,True,,False,,,,,Cursando,Aprovado,Reprovado,,,,,,,,A,,,,,,,,,,,,False,,False,8.0,False,,,,True,,,,,,False,,,,,,ItFor,L,,False,,True,,,,,,,
289,54,5,D,5.0,A1-Ireland (Filip),A1-Ireland,M,40.0,,,True,,False,,,,,Cursando,Aprovado,Reprovado,,,,,,,,A,,,,,,,,,,,,False,,False,8.0,False,,,,True,,,,,,False,,,,,,ItFor,L,,False,,True,,,,,,,
291,54,5,D,5.0,A2-Poland (Filip),A2-Poland,T,40.0,,,True,,False,,,,,Cursando,Aprovado,Reprovado,,,,,,,,A,,,,,,,,,,,,False,,False,8.0,False,,,,True,,,,,,False,,,,,,ItFor,L,,False,,True,,,,,,,
295,54,5,D,5.0,A1-Canada (Cipó),A1-Canada,M,40.0,,,True,,False,,,,,Cursando,Aprovado,Reprovado,,,,,,,,A,,,,,,,,,,,,False,,False,8.0,False,,,,True,,,,,,False,,,,,,ItFor,L,,False,,True,,,,,,,
297,54,5,D,5.0,A2- Spain (Granj),A2- Spain,T,40.0,,,True,,False,,,,,Cursando,Aprovado,Reprovado,,,,,,,,A,,,,,,,,,,,,False,,False,8.0,False,,,,True,,,,,,False,,,,,,ItFor,L,,False,,True,,,,,,,
300,54,5,D,5.0,B1- Egypt (Centro),B1- Egypt,N,40.0,,,True,,False,,,,,Cursando,Aprovado,Reprovado,,,,,,,,A,,,,,,,,,,,,False,,False,8.0,False,,,,True,,,,,,False,,,,,,ItFor,L,,False,,True,,,,,,,
303,54,5,D,5.0,A2-Italy (Centro),A2-Italy,T,40.0,,,True,,False,,,,,Cursando,Aprovado,Reprovado,,,,,,,,A,,,,,,,,,,,,False,,False,8.0,False,,,,True,,,,,,False,,,,,,ItFor,L,,False,,True,,,,,,,
409,24,5,G,,5C,5C,M,15.0,,,False,,False,,,,,Cursando,Aprovado,Reprovado,,,,,,,,A,False,,,,,,,,,,,False,,False,8.0,False,,,,False,,,,,,False,,,,,,,,,False,,True,,,,,,,
410,2,5,G,,ALFA-E,G2/G3,T,10.0,,,False,1.0,False,,,,,Cursando,Aprovado,Reprovado,,,,,,,,A,False,,,,,,,,,,,False,,False,8.0,False,,,,False,,,,,,False,,,,,,,,,False,,True,,,,,,,
411,2,5,G,,ALFA-T,G2/G3,T,10.0,,,False,,False,,,,,Cursando,Aprovado,Reprovado,,,,,,,,A,False,,,,,,,,,,,False,,False,8.0,False,,,,False,,,,,,False,,,,,,,,,False,,True,,,,,,,
412,2,5,G,,ALFA-J,G2/G3,T,10.0,,,False,1.0,False,,,,,Cursando,Aprovado,Reprovado,,,,,,,,A,False,,,,,,,,,,,False,,False,8.0,False,,,,False,,,,,,False,,,,,,,,,False,,True,,,,,,,
414,8,5,G,,1U,1U,T,15.0,,,False,1.0,False,,,,,Cursando,Aprovado,Reprovado,,,,,,,,A,False,,,,,,,,,,,False,,False,8.0,False,,,,False,,,,,,False,,,,,,,,,False,,True,,,,,,,
415,11,5,G,,2U,2U,T,15.0,,,False,1.0,False,,,,,Cursando,Aprovado,Reprovado,,,,,,,,A,False,,,,,,,,,,,False,,False,8.0,False,,,,False,,,,,,False,,,,,,,,,False,,True,,,,,,,
416,15,5,G,,3E,3E,T,15.0,,,False,,False,,,,,Cursando,Aprovado,Reprovado,,,,,,,,A,False,,,,,,,,,,,False,,False,8.0,False,,,,False,,,,,,False,,,,,,,,,False,,True,,,,,,,
418,2,5,G,,ALFA U ,G2/G3,M,10.0,,,False,,False,,,,,Cursando,Aprovado,Reprovado,,,,,,,,A,False,,,,,,,,,,,False,,False,8.0,False,,,,False,,,,,,False,,,,,,,,,False,,True,,,,,,,
419,15,5,G,,3N,3N,M,15.0,,,False,1.0,False,,,,,Cursando,Aprovado,Reprovado,,,,,,,,A,False,,,,,,,,,,,False,,False,8.0,False,,,,False,,,,,,False,,,,,,,,,False,,True,,,,,,,
420,2,5,G,,ALFA Y,G0/G1,T,10.0,,,False,1.0,False,,,,,Cursando,Aprovado,Reprovado,,,,,,,,A,False,,,,,,,,,,,False,,False,8.0,False,,,,False,,,,,,False,,,,,,,,,False,,True,,,,,,,
421,2,5,G,,ALFA V,G0/G1,T,10.0,,,False,,False,,,,,Cursando,Aprovado,Reprovado,,,,,,,,A,False,,,,,,,,,,,False,,False,8.0,False,,,,False,,,,,,False,,,,,,,,,False,,True,,,,,,,
422,2,5,G,,ALFA Z,G0/G1,M,10.0,,,False,1.0,False,,,,,Cursando,Aprovado,Reprovado,,,,,,,,A,False,,,,,,,,,,,False,,False,8.0,False,,,,False,,,,,,False,,,,,,,,,False,,True,,,,,,,
423,54,5,D,5.0,A1- Colômbia (Centro),A1-Colomb,T,40.0,,,True,,False,,,,,Cursando,Aprovado,Reprovado,,,,,,,,A,False,,,,,,,,,,,False,,False,8.0,False,,,,False,,,,,,False,,,,,,ItFor,L,,False,,True,,,,,,,
424,54,5,D,5.0,A1 - Argentina (Centro),A1-Argent,M,40.0,,,True,,False,,,,,Cursando,Aprovado,Reprovado,,,,,,,,A,False,,,,,,,,,,,False,,False,8.0,True,,,,False,,,,,,False,,,,,,ItFor,L,,False,,True,,,,,,,
425,54,5,D,5.0,A2 - New Zealand (Centro),A2- New Z,T,40.0,,,True,,False,,,,,Cursando,Aprovado,Reprovado,,,,,,,,A,False,,,,,,,,,,,False,,False,8.0,False,,,,False,,,,,,False,,,,,,ItFor,L,,False,,True,,,,,,,
426,55,5,D,18.0,Matematicamente - Grupo A Manhã,Extra,M,130.0,,,False,,False,,,,,Cursando,Aprovado,Reprovado,,,,,,,,A,False,,,,,,,,,,,False,,False,,False,,,,False,,,,,,False,,,,,,,,,False,,True,,,,,,,
427,41,5,G,,Arte e Magia - Grupo A Tarde,Extra,T,130.0,,,True,,False,,,,,Cursando,Aprovado,Reprovado,,,,,,,,A,False,,,,,,,,,,,False,,False,,False,,,,False,,,,,,False,,,,,,,,,False,,True,,,,,,,
428,55,5,G,,Matematicamente - Grupo A Tarde,Extra,T,130.0,,,True,,False,,,,,Cursando,Aprovado,Reprovado,,,,,,,,A,False,,,,,,,,,,,False,,False,,False,,,,False,,,,,,False,,,,,,,,,False,,True,,,,,,,
429,45,5,G,,Encontro com Carinho - Grupo 2,Extra,I,130.0,,,True,,False,,,,,Cursando,Aprovado,Reprovado,,,,,,,,A,False,,,,,,,,,,,False,,False,,False,,,,False,,,,,,False,,,,,,,,,False,,True,,,,,,,
430,35,5,G,,Coração Matemático - Grupo 2,Extra,I,130.0,,,True,,False,,,,,Cursando,Aprovado,Reprovado,,,,,,,,A,False,,,,,,,,,,,False,,False,,False,,,,False,,,,,,False,,,,,,,,,False,,True,,,,,,,
431,46,5,G,,Minha 1ª volta ao Mundo - Grupo 1,Extra,I,130.0,,,True,,False,,,,,Cursando,Aprovado,Reprovado,,,,,,,,A,False,,,,,,,,,,,False,,False,,False,,,,False,,,,,,False,,,,,,,,,False,,True,,,,,,,
433,37,5,G,,Clube do Livro - Grupo 2 (Fase 3),Extra,T,130.0,,,False,1.0,False,,,,,Cursando,Aprovado,Reprovado,,,,,,,,A,False,,,,,,,,,,,False,,False,,False,,,,False,,,,,,False,,,,,,,,,False,,True,,,,,,,
436,41,5,G,,Arte e Magia - Grupo B Manhã,Extra,M,130.0,,,True,,False,,,,,Cursando,Aprovado,Reprovado,,,,,,,,A,True,,,,,,,,,,,False,,False,,False,,,,False,,,,,,False,,,,,,,,,False,,True,,,,,,,
437,41,5,G,,Arte e Magia - Grupo B Tarde,Extra,T,130.0,,,True,,False,,,,,Cursando,Aprovado,Reprovado,,,,,,,,A,True,,,,,,,,,,,False,,False,,False,,,,False,,,,,,False,,,,,,,,,False,,True,,,,,,,
438,55,5,G,,Matematicamente - Grupo B Manhã,Extra,M,130.0,,,True,,False,,,,,Cursando,Aprovado,Reprovado,,,,,,,,A,False,,,,,,,,,,,False,,False,,False,,,,False,,,,,,False,,,,,,,,,False,,True,,,,,,,
439,55,5,G,,Matematicamente - Grupo B Tarde,Extra,T,130.0,,,True,,False,,,,,Cursando,Aprovado,Reprovado,,,,,,,,A,False,,,,,,,,,,,False,,False,,False,,,,False,,,,,,False,,,,,,,,,False,,True,,,,,,,
440,49,5,G,,Preparatório Inglês TOEIC,Idioma,S,130.0,,,True,1.0,False,,,,,Cursando,Aprovado,Reprovado,,,,,,,,A,False,,,,,,,,,,,False,,False,,False,,,,False,,,,,,False,,,,,,,,,False,,True,,,,,,,
441,34,5,G,,Matemática + Grupo 1 (Fase 3),Extra,I,130.0,,,True,,False,,,,,Cursando,Aprovado,Reprovado,,,,,,,,A,True,,,,,,,,,,,False,,False,,False,,,,False,,,,,,False,,,,,,,,,False,,True,,,,,,,
442,34,5,G,,Matemática + Grupo 2 (Fase 3),Extra,I,130.0,,,True,,False,,,,,Cursando,Aprovado,Reprovado,,,,,,,,A,True,,,,,,,,,,,False,,False,,False,,,,False,,,,,,False,,,,,,,,,False,,True,,,,,,,
443,37,5,G,,Clube do Livro - Grupo 1 (Fase 4),Extra,I,130.0,,,False,1.0,False,,,,,Cursando,Aprovado,Reprovado,,,,,,,,A,True,,,,,,,,,,,False,,False,,False,,,,False,,,,,,False,,,,,,,,,False,,True,,,,,,,
444,34,5,G,,Matemática + Grupo 1 (Fase 2),Extra,I,130.0,,,True,,False,,,,,Cursando,Aprovado,Reprovado,,,,,,,,A,False,,,,,,,,,,,False,,False,,False,,,,False,,,,,,False,,,,,,,,,False,,True,,,,,,,
445,34,5,G,,Matemática + Grupo 2 (Fase 2),Extra,I,130.0,,,True,,False,,,,,Cursando,Aprovado,Reprovado,,,,,,,,A,False,,,,,,,,,,,False,,False,,False,,,,False,,,,,,False,,,,,,,,,False,,True,,,,,,,
446,51,5,G,,Speed up Program A2,Speed up,N,130.0,,,True,,False,,,,,Cursando,Aprovado,Reprovado,,,,,,,,A,True,,,,,,,,,,,False,,False,,False,,,,False,,,,,,False,,,,,,,,,False,,True,,,,,,,
447,51,5,G,,Speed up Program B1,Speed up,N,130.0,,,True,,False,,,,,Cursando,Aprovado,Reprovado,,,,,,,,A,True,,,,,,,,,,,False,,False,,False,,,,False,,,,,,False,,,,,,,,,False,,True,,,,,,,
448,51,5,G,,Speed up Program A1,Speed up,N,130.0,,,True,,False,,,,,Cursando,Aprovado,Reprovado,,,,,,,,A,False,,,,,,,,,,,False,,False,,False,,,,False,,,,,,False,,,,,,,,,False,,True,,,,,,,
449,56,5,G,,Inglês Universitários Manhã,Idioma,M,130.0,,,False,1.0,False,,,,,Cursando,Aprovado,Reprovado,,,,,,,,A,True,,,,,,,,,,,False,,False,,False,,,,False,,,,,,False,,,,,,,,,False,,True,,,,,,,
450,56,5,G,,Inglês Universitários Noite,Idioma,N,130.0,,,False,1.0,False,,,,,Cursando,Aprovado,Reprovado,,,,,,,,A,True,,,,,,,,,,,False,,False,,False,,,,False,,,,,,False,,,,,,,,,False,,True,,,,,,,
451,54,5,D,5.0,A1 - China (EAD),A1 - China,M,100.0,,,True,,False,,,,,Cursando,Aprovado,Reprovado,,,,,,,,A,False,,,,,,,,,,,False,,False,8.0,False,,,,False,,,,,,False,,,,,,,,,False,,True,,,,,,,
452,54,5,D,5.0,A1 - Japan (EAD),A1 - Japan,T,100.0,,,True,,False,,,,,Cursando,Aprovado,Reprovado,,,,,,,,A,True,,,,,,,,,,,False,,False,8.0,False,,,,False,,,,,,False,,,,,,,,,False,,True,,,,,,,
453,32,5,G,,7D,7D 18+,I,30.0,,,False,1.0,False,,,,,Cursando,Aprovado,Reprovado,,,,,,,,A,True,,,,,,,,,,,False,,False,8.0,False,,,,False,,,,,,False,,,,,,,,,False,,True,,,,,,,
454,57,5,G,,Tecnologia *Manhã,Extra,M,20.0,,,True,,False,,,,,Cursando,Aprovado,Reprovado,,,,,,,,A,True,,,,,,,,,,,False,,False,8.0,False,,,,False,,,,,,False,,,,,,,,,False,,True,,,,,,,
455,57,5,G,,Tecnologia *Tarde,Extra,T,20.0,,,True,,False,,,,,Cursando,Aprovado,Reprovado,,,,,,,,A,True,,,,,,,,,,,False,,False,,False,,,,False,,,,,,False,,,,,,,,,False,,True,,,,,,,
456,57,5,G,,Tecnologia *Noite,Extra,N,20.0,,,True,,False,,,,,Cursando,Aprovado,Reprovado,,,,,,,,A,True,,,,,,,,,,,False,,False,,False,,,,False,,,,,,False,,,,,,,,,False,,True,,,,,,,
457,2,6,G,,ALFA I - G2/G3 (Filipinho) - Manhã,G2/G3,M,12.0,,,True,,False,,,,,Cursando,Aprovado,Reprovado,,,,,,,,A,,,,,,,,,,,,False,,False,,False,,,,True,,,,,,False,,,,,,,,,False,,True,,,,,,,
458,2,6,G,,ALFA Q - G2/G3 (Granjinha) - Tarde,G2/G3,T,12.0,,,True,,False,,,,,Cursando,Aprovado,Reprovado,,,,,,,,A,False,,,,,,,,,,,False,,False,,False,,,,True,,,,,,False,,,,,,,,,False,,True,,,,,,,
459,2,6,G,,ALFA K - G0/G1 (Cipó) - Tarde,G0/G1,T,12.0,,,True,,False,,,,,Cursando,Aprovado,Reprovado,,,,,,,,A,False,,,,,,,,,,,False,,False,,False,,,,True,,,,,,False,,,,,,,,,False,,True,,,,,,,
460,2,6,G,,ALFA L - G2/G3 (Cipó) - Tarde,G2/G3,T,12.0,,,True,,False,,,,,Cursando,Aprovado,Reprovado,,,,,,,,A,False,,,,,,,,,,,False,,False,,False,,,,True,,,,,,False,,,,,,,,,False,,True,,,,,,,
461,2,6,G,,ALFA M - G0/G1 (Cipó) - Manhã,G0/G1,M,12.0,,,True,,False,,,,,Cursando,Aprovado,Reprovado,,,,,,,,A,False,,,,,,,,,,,False,,False,,False,,,,True,,,,,,False,,,,,,,,,False,,True,,,,,,,
462,2,6,G,,ALFA N - G2/G3 (Cipó) - Manhã,G2/G3,M,12.0,,,True,,False,,,,,Cursando,Aprovado,Reprovado,,,,,,,,A,False,,,,,,,,,,,False,,False,,False,,,,True,,,,,,False,,,,,,,,,False,,True,,,,,,,
463,2,6,G,,ALFA O - G2/G3 (Cipó) - Tarde,G2/G3,T,12.0,,,True,,False,,,,,Cursando,Aprovado,Reprovado,,,,,,,,A,False,,,,,,,,,,,False,,False,,False,,,,True,,,,,,False,,,,,,,,,False,,True,,,,,,,
464,2,6,G,,ALFA R - G0/G1 (Granjinha) - Manhã,G0/G1,M,12.0,,,True,,False,,,,,Cursando,Aprovado,Reprovado,,,,,,,,A,False,,,,,,,,,,,False,,False,,False,,,,True,,,,,,False,,,,,,,,,False,,True,,,,,,,
465,2,6,G,,ALFA S - G2/G3 (Granjinha) - Manhã,G2/G3,M,12.0,,,True,,False,,,,,Cursando,Aprovado,Reprovado,,,,,,,,A,False,,,,,,,,,,,False,,False,,False,,,,True,,,,,,False,,,,,,,,,False,,True,,,,,,,
466,8,6,G,,1A (Centro) - Tarde,1A,T,15.0,,,True,1.0,False,,,,,Cursando,Aprovado,Reprovado,,,,,,,,A,,,,,,,,,,,,False,,False,,False,,,,True,,,,,,False,,,,,,,,,False,,True,,,,,,,
467,8,6,G,,1B (Centro) - Tarde,1B,T,15.0,,B,True,1.0,False,,,,,Cursando,Aprovado,Reprovado,,,,,,,,A,False,,,,,,,,,,,False,,False,,False,,,,True,,,,,,False,,,,,,,,,False,,True,,,,,,,
468,8,6,G,,1C (Centro)  - Manhã,1C,M,15.0,,,True,1.0,False,,,,,Cursando,Aprovado,Reprovado,,,,,,,,A,False,,,,,,,,,,,False,,False,,False,,,,True,,,,,,False,,,,,,,,,False,,True,,,,,,,
470,8,6,G,,1F (Filipinho) - Manhã,1F,M,15.0,,F,True,1.0,False,,,,,Cursando,Aprovado,Reprovado,,,,,,,,A,False,,,,,,,,,,,False,,False,,False,,,,True,,,,,,False,,,,,,,,,False,,True,,,,,,,
471,8,6,G,,1G (Filipinho) - Tarde,1G,T,15.0,,G,True,1.0,False,,,,,Cursando,Aprovado,Reprovado,,,,,,,,A,False,,,,,,,,,,,False,,False,,False,,,,True,,,,,,False,,,,,,,,,False,,True,,,,,,,
472,8,6,G,,1K (Cipó) - Tarde,1K,T,15.0,,,True,1.0,False,,,,,Cursando,Aprovado,Reprovado,,,,,,,,A,False,,,,,,,,,,,False,,False,,False,,,,True,,,,,,False,,,,,,,,,False,,True,,,,,,,
473,8,6,G,,1M (Cipó) - Manhã,1M,M,15.0,,,True,1.0,False,,,,,Cursando,Aprovado,Reprovado,,,,,,,,A,False,,,,,,,,,,,False,,False,,False,,,,True,,,,,,False,,,,,,,,,False,,True,,,,,,,
474,8,6,G,,1N (Cipó) - Manhã,1N,M,15.0,,,True,1.0,False,,,,,Cursando,Aprovado,Reprovado,,,,,,,,A,False,,,,,,,,,,,False,,False,,False,,,,True,,,,,,False,,,,,,,,,False,,True,,,,,,,
475,8,6,G,,1R (Granjinha) - Tarde,1R,T,15.0,,R,True,1.0,False,,,,,Cursando,Aprovado,Reprovado,,,,,,,,A,False,,,,,,,,,,,False,,False,,False,,,,True,,,,,,False,,,,,,,,,False,,True,,,,,,,
476,11,6,G,,2A (Centro) - Tarde,2A,T,15.0,,A,True,1.0,False,,,,,Cursando,Aprovado,Reprovado,,,,,,,,A,,,,,,,,,,,,False,,False,,False,,,,True,,,,,,False,,,,,,,,,False,,True,,,,,,,
477,11,6,G,,2B (Centro) - Tarde/Noite,2B,Z,15.0,,,True,1.0,False,,,,,Cursando,Aprovado,Reprovado,,,,,,,,A,,,,,,,,,,,,False,,False,,False,,,,True,,,,,,False,,,,,,,,,False,,True,,,,,,,
478,11,6,G,,2D (Centro)  - Manhã,2D,M,15.0,,,True,1.0,False,,,,,Cursando,Aprovado,Reprovado,,,,,,,,A,False,,,,,,,,,,,False,,False,,False,,,,True,,,,,,False,,,,,,,,,False,,True,,,,,,,
479,11,6,G,,2F (Filipinho) - Tarde,2F,T,15.0,,,True,1.0,False,,,,,Cursando,Aprovado,Reprovado,,,,,,,,A,False,,,,,,,,,,,False,,False,,False,,,,True,,,,,,False,,,,,,,,,False,,True,,,,,,,
480,11,6,G,,2C (Centro)  - Noite,2C,N,15.0,,,True,1.0,False,,,,,Cursando,Aprovado,Reprovado,,,,,,,,A,False,,,,,,,,,,,False,,False,,False,,,,True,,,,,,False,,,,,,,,,False,,True,,,,,,,
481,11,6,G,,2U (Cipó) - Tarde,2U,T,15.0,,,True,1.0,False,,,,,Cursando,Aprovado,Reprovado,,,,,,,,A,False,,,,,,,,,,,False,,False,,False,,,,True,,,,,,False,,,,,,,,,False,,True,,,,,,,
482,11,6,G,,2K ( Cipó) - Tarde,2K,T,15.0,,,True,1.0,False,,,,,Cursando,Aprovado,Reprovado,,,,,,,,A,False,,,,,,,,,,,False,,False,,False,,,,True,,,,,,False,,,,,,,,,False,,True,,,,,,,
483,11,6,G,,2L (Cipó) - Noite,2L,N,15.0,,,True,1.0,False,,,,,Cursando,Aprovado,Reprovado,,,,,,,,A,False,,,,,,,,,,,False,,False,,False,,,,True,,,,,,False,,,,,,,,,False,,True,,,,,,,
484,11,6,G,,2M ( Cipó) - Manhã,2M,M,15.0,,,True,1.0,False,,,,,Cursando,Aprovado,Reprovado,,,,,,,,A,False,,,,,,,,,,,False,,False,,False,,,,True,,,,,,False,,,,,,,,,False,,True,,,,,,,
485,11,6,G,,2P (Granjinha) - Manhã,2P,M,15.0,,,True,1.0,False,,,,,Cursando,Aprovado,Reprovado,,,,,,,,A,False,,,,,,,,,,,False,,False,,False,,,,True,,,,,,False,,,,,,,,,False,,True,,,,,,,
486,15,6,G,,3A (Centro) - Tarde,3A,T,15.0,,,True,,False,,,,,Cursando,Aprovado,Reprovado,,,,,,,,A,False,,,,,,,,,,,False,,False,,False,,,,True,,,,,,False,,,,,,,,,False,,True,,,,,,,
487,15,6,G,,3B (Centro)  - Tarde/Noite,3B,Z,15.0,,,True,,False,,,,,Cursando,Aprovado,Reprovado,,,,,,,,A,False,,,,,,,,,,,False,,False,,False,,,,True,,,,,,False,,,,,,,,,False,,True,,,,,,,
488,15,6,G,,3C (Centro)  - Manhã,3C,M,15.0,,,True,,False,,,,,Cursando,Aprovado,Reprovado,,,,,,,,A,False,,,,,,,,,,,False,,False,,False,,,,True,,,,,,False,,,,,,,,,False,,True,,,,,,,
489,15,6,G,,3D (Centro)  - Tarde/Noite,3D,Z,15.0,,,True,,False,,,,,Cursando,Aprovado,Reprovado,,,,,,,,A,False,,,,,,,,,,,False,,False,,False,,,,True,,,,,,False,,,,,,,,,False,,True,,,,,,,
490,15,6,G,,3F (Filipinho) - Tarde,3F,T,15.0,,,True,,False,,,,,Cursando,Aprovado,Reprovado,,,,,,,,A,False,,,,,,,,,,,False,,False,,False,,,,True,,,,,,False,,,,,,,,,False,,True,,,,,,,
491,15,6,G,,3G (Filipinho) - Tarde/Noite,3G,Z,15.0,,,True,,False,,,,,Cursando,Aprovado,Reprovado,,,,,,,,A,False,,,,,,,,,,,False,,False,,False,,,,True,,,,,,False,,,,,,,,,False,,True,,,,,,,
492,15,6,G,,3L (Cipó) - Tarde,3L,T,15.0,,,True,,False,,,,,Cursando,Aprovado,Reprovado,,,,,,,,A,False,,,,,,,,,,,False,,False,,False,,,,True,,,,,,False,,,,,,,,,False,,True,,,,,,,
493,15,6,G,,3M (Cipó) - Tarde,3M,T,15.0,,,True,,False,,,,,Cursando,Aprovado,Reprovado,,,,,,,,A,False,,,,,,,,,,,False,,False,,False,,,,True,,,,,,False,,,,,,,,,False,,True,,,,,,,
494,18,6,G,,8A (Universitários) - 2020,8A,I,25.0,,,True,,False,,,,,Cursando,Aprovado,Reprovado,,,,,,,,A,False,,,,,,,,,,,False,,False,,False,,,,True,,,,,,False,,,,,,,,,False,,True,,,,,,,
495,18,6,G,,8B (Universitários) - 2021,8B,I,25.0,,,True,,False,,,,,Cursando,Aprovado,Reprovado,,,,,,,,A,False,,,,,,,,,,,False,,False,,False,,,,True,,,,,,False,,,,,,,,,False,,True,,,,,,,
496,18,6,G,,8C (Senai) - EAD,8C,I,25.0,,,True,,False,,,,,Cursando,Aprovado,Reprovado,,,,,,,,A,False,,,,,,,,,,,False,,False,,False,,,,True,,,,,,False,,,,,,,,,False,,True,,,,,,,
497,24,6,G,,5B (Centro) - Tarde,5B,T,15.0,,,True,1.0,False,,,,,Cursando,Aprovado,Reprovado,,,,,,,,A,False,,,,,,,,,,,False,,False,,False,,,,True,,,,,,False,,,,,,,,,False,,True,,,,,,,
498,24,6,G,,5F (Filipinho) - Tarde,5F,T,15.0,,,True,,False,,,,,Cursando,Aprovado,Reprovado,,,,,,,,A,False,,,,,,,,,,,False,,False,,False,,,,True,,,,,,False,,,,,,,,,False,,True,,,,,,,
499,24,6,G,,5L (Cipó) - Tarde,5L,T,15.0,,,True,1.0,False,,,,,Cursando,Aprovado,Reprovado,,,,,,,,A,False,,,,,,,,,,,False,,False,,False,,,,True,,,,,,False,,,,,,,,,False,,True,,,,,,,
500,24,6,G,,5A (Centro) - Tarde,5A,T,15.0,,,True,,False,,,,,Cursando,Aprovado,Reprovado,,,,,,,,A,False,,,,,,,,,,,False,,False,,False,,,,True,,,,,,False,,,,,,,,,False,,True,,,,,,,
501,25,6,G,,4A (Centro) - Tarde,4A,T,15.0,,,True,1.0,False,34.0,,,,Cursando,Aprovado,Reprovado,,,,,,,,A,False,,,,,,,,,,,False,,False,8.0,False,,,,True,,,,,,False,,,,,,,,,False,,True,,,,,,,
502,25,6,G,,4F (Filipinho) - Tarde/Noite,4F,Z,15.0,,,True,,False,,,,,Cursando,Aprovado,Reprovado,,,,,,,,A,False,,,,,,,,,,,False,,False,,False,,,,True,,,,,,False,,,,,,,,,False,,True,,,,,,,
503,25,6,G,,4L (Cipó) - Noite,4L,N,15.0,,,True,1.0,False,,,,,Cursando,Aprovado,Reprovado,,,,,,,,A,False,,,,,,,,,,,False,,False,,False,,,,True,,,,,,False,,,,,,,,,False,,True,,,,,,,
504,29,6,G,,6A (Centro) - Tarde,6A,T,20.0,,,True,1.0,False,,,,,Cursando,Aprovado,Reprovado,,,,,,,,A,False,,,,,,,,,,,False,,False,8.0,False,,,,True,,,,,,False,,,,,,,,,False,,True,,,,,,,
505,32,6,G,,7A (Centro) - Noite,7A,N,20.0,,,True,1.0,False,,,,,Cursando,Aprovado,Reprovado,,,,,,,,A,False,,,,,,,,,,,False,,False,,False,,,,True,,,,,,False,,,,,,,,,False,,True,,,,,,,
506,32,6,G,,7E (SP) - Integral,7E,I,15.0,,,True,,False,,,,,Cursando,Aprovado,Reprovado,,,,,,,,A,False,,,,,,,,,,,False,,False,,False,,,,True,,,,,,False,,,,,,,,,False,,True,,,,,,,
507,54,6,D,5.0,A1-Áustria (Cipó),A1-Áustria,Z,20.0,,,True,,False,,,,,Cursando,Aprovado,Reprovado,,,,,,,,A,,,,,,,,,,,,False,,False,,False,,,,True,,,,,,False,,,,,,,,,False,,True,,,,,,,
508,2,6,G,,ALFA A - G0/G1  (Centro) - Tarde,G0/G1,T,12.0,,,True,,False,,,,,Cursando,Aprovado,Reprovado,,,,,,,,A,False,,,,,,,,,,,False,,False,,False,,,,False,,,,,,False,,,,,,,,,False,,True,,,,,,,
509,2,6,G,,ALFA B - G2/G3 (Centro) - Tarde,G2/G3,T,12.0,,,True,,False,,,,,Cursando,Aprovado,Reprovado,,,,,,,,A,False,,,,,,,,,,,False,,False,8.0,False,,,,False,,,,,,False,,,,,,,,,False,,True,,,,,,,
510,2,6,G,,ALFA C - G0/G1 (Centro) - Manhã,G0/G1,M,12.0,,,True,,False,,,,,Cursando,Aprovado,Reprovado,,,,,,,,A,False,,,,,,,,,,,False,,False,,False,,,,False,,,,,,False,,,,,,,,,False,,True,,,,,,,
511,2,6,G,,ALFA D - G2/G3 (Centro) - Manhã,G2/G3,M,12.0,,,True,,False,,,,,Cursando,Aprovado,Reprovado,,,,,,,,A,False,,,,,,,,,,,False,,False,8.0,False,,,,False,,,,,,False,,,,,,,,,False,,True,,,,,,,
512,2,6,G,,ALFA F - G0/G1 (Filipinho) - Tarde,G0/G1,T,12.0,,,True,,False,,,,,Cursando,Aprovado,Reprovado,,,,,,,,A,False,,,,,,,,,,,False,,False,,False,,,,False,,,,,,False,,,,,,,,,False,,True,,,,,,,
513,2,6,G,,ALFA G - G2/G3 (Filipinho) - Tarde/Noite,G2/G3,Z,12.0,,,True,,False,,,,,Cursando,Aprovado,Reprovado,,,,,,,,A,False,,,,,,,,,,,False,,False,,False,,,,False,,,,,,False,,,,,,,,,False,,True,,,,,,,
514,2,6,G,,ALFA H - G0/G1 (Filipinho) - Manhã,G0/G1,M,12.0,,,True,,False,,,,,Cursando,Aprovado,Reprovado,,,,,,,,A,False,,,,,,,,,,,False,,False,,False,,,,False,,,,,,False,,,,,,,,,False,,True,,,,,,,
516,25,6,G,,4H (Filipinho) - Manhã,4H,M,15.0,,,True,,False,,,,,Cursando,Aprovado,Reprovado,,,,,,,,A,False,,,,,,,,,,,False,,False,,False,,,,False,,,,,,False,,,,,,,,,False,,True,,,,,,,
517,8,6,G,,1H (Filipinho) - Tarde/Noite,1H,Z,15.0,,,True,1.0,False,,,,,Cursando,Aprovado,Reprovado,,,,,,,,A,False,,,,,,,,,,,False,,False,,False,,,,False,,,,,,False,,,,,,,,,False,,True,,,,,,,
518,11,6,G,,2R (Granjinha) - Tarde,2R,T,15.0,,,True,1.0,False,,,,,Cursando,Aprovado,Reprovado,,,,,,,,A,False,,,,,,,,,,,False,,False,,False,,,,False,,,,,,False,,,,,,,,,False,,True,,,,,,,
519,8,6,G,,1P (Granjinha) - Manhã,1P,M,15.0,,,True,1.0,False,,,,,Cursando,Aprovado,Reprovado,,,,,,,,A,False,,,,,,,,,,,False,,False,,False,,,,False,,,,,,False,,,,,,,,,False,,True,,,,,,,
520,25,6,G,,4P (Granjinha) - Tarde,4P,T,15.0,,,True,1.0,False,,,,,Cursando,Aprovado,Reprovado,,,,,,,,A,False,,,,,,,,,,,False,,False,,False,,,,False,,,,,,False,,,,,,,,,False,,True,,,,,,,
521,8,6,G,,1L (Cipó) - Tarde,1L,T,15.0,,,True,1.0,False,,,,,Cursando,Aprovado,Reprovado,,,,,,,,A,False,,,,,,,,,,,False,,False,,False,,,,False,,,,,,False,,,,,,,,,False,,True,,,,,,,
522,24,6,G,,5M (Cipó) - Tarde/Noite,5M,Z,15.0,,,True,1.0,False,,,,,Cursando,Aprovado,Reprovado,,,,,,,,A,False,,,,,,,,,,,False,,False,,False,,,,False,,,,,,False,,,,,,,,,False,,True,,,,,,,
523,15,6,G,,3K (Cipó) - Tarde,3K,T,15.0,,,True,,False,,,,,Cursando,Aprovado,Reprovado,,,,,,,,A,False,,,,,,,,,,,False,,False,,False,,,,False,,,,,,False,,,,,,,,,False,,True,,,,,,,
524,8,6,G,,1D (Centro)  - Manhã,1D,M,15.0,,,True,1.0,False,,,,,Cursando,Aprovado,Reprovado,,,,,,,,A,False,,,,,,,,,,,False,,False,,False,,,,False,,,,,,False,,,,,,,,,False,,True,,,,,,,
525,25,6,G,,4B (Centro) - Tarde/Noite,4B,T,15.0,,,True,,False,,,,,Cursando,Aprovado,Reprovado,,,,,,,,A,False,,,,,,,,,,,False,,False,,False,,,,False,,,,,,False,,,,,,,,,False,,True,,,,,,,
527,18,6,G,,8D (Universitários) - 2022,8D,I,30.0,,,True,,False,,,,,Cursando,Aprovado,Reprovado,,,,,,,,A,False,,,,,,,,,,,False,,False,,False,,,,False,,,,,,False,,,,,,,,,False,,True,,,,,,,
528,18,6,G,,8E (Universitários) - 2023,8E,I,30.0,,,True,,False,,,,,Cursando,Aprovado,Reprovado,,,,,,,,A,False,,,,,,,,,,,False,,False,,False,,,,False,,,,,,False,,,,,,,,,False,,True,,,,,,,
530,54,6,D,5.0,A2-Brazil (Centro),A2-Brazil,T,20.0,,,True,,False,,,,,Cursando,Aprovado,Reprovado,,,,,,,,A,,,,,,,,,,,,False,,False,,False,,,,True,,,,,,False,,,,,,,,,False,,True,,,,,,,
531,54,6,D,5.0,A1-Chile (Centro),A1-Chile,N,20.0,,,True,,False,,,,,Cursando,Aprovado,Reprovado,,,,,,,,A,,,,,,,,,,,,False,,False,,False,,,,True,,,,,,False,,,,,,,,,False,,True,,,,,,,
532,54,6,D,5.0,A1-The USA (Filipinho),A1-The USA,N,20.0,,,True,,False,,,,,Cursando,Aprovado,Reprovado,,,,,,,,A,,,,,,,,,,,,False,,False,,False,,,,True,,,,,,False,,,,,,,,,False,,True,,,,,,,
533,54,6,D,5.0,A1-Kenya (Cipó),A1-Kenya,Z,20.0,,,True,,False,,,,,Cursando,Aprovado,Reprovado,,,,,,,,A,,,,,,,,,,,,False,,False,,False,,,,True,,,,,,False,,,,,,,,,False,,True,,,,,,,
534,54,6,D,5.0,A2-Nigeria (Centro),A2-Nigeria,T,20.0,,,True,,False,,,,,Cursando,Aprovado,Reprovado,,,,,,,,A,,,,,,,,,,,,False,,False,,False,,,,True,,,,,,False,,,,,,,,,False,,True,,,,,,,
535,54,6,D,5.0,A1-France (Centro),A1-France,Z,20.0,,,True,,False,,,,,Cursando,Aprovado,Reprovado,,,,,,,,A,,,,,,,,,,,,False,,False,,False,,,,True,,,,,,False,,,,,,,,,False,,True,,,,,,,
536,54,6,D,5.0,A1-Mexico (Cipó),A1-Mexico,T,20.0,,,True,,False,,,,,Cursando,Aprovado,Reprovado,,,,,,,,A,,,,,,,,,,,,False,,False,,False,,,,True,,,,,,False,,,,,,,,,False,,True,,,,,,,
537,54,6,D,5.0,A1-Uruguay (Cipó),A1-Uruguay,M,20.0,,,True,,False,,,,,Cursando,Aprovado,Reprovado,,,,,,,,A,,,,,,,,,,,,False,,False,,False,,,,True,,,,,,False,,,,,,,,,False,,True,,,,,,,
538,54,6,D,5.0,A2-Germany (Centro),A2-Germany,T,20.0,,,True,,False,,,,,Cursando,Aprovado,Reprovado,,,,,,,,A,,,,,,,,,,,,False,,False,,False,,,,True,,,,,,False,,,,,,,,,False,,True,,,,,,,
539,54,6,D,5.0,A1-Belgium (Filipinho),A1-Belgium,T,20.0,,,True,,False,,,,,Cursando,Aprovado,Reprovado,,,,,,,,A,,,,,,,,,,,,False,,False,,False,,,,True,,,,,,False,,,,,,,,,False,,True,,,,,,,
540,54,6,D,5.0,A1-Ireland (Filipinho),A1-Ireland,M,20.0,,,True,,False,,,,,Cursando,Aprovado,Reprovado,,,,,,,,A,,,,,,,,,,,,False,,False,,False,,,,True,,,,,,False,,,,,,,,,False,,True,,,,,,,
541,54,6,D,5.0,A1-Poland (Granjinha),A1-Poland,T,20.0,,,True,,False,,,,,Cursando,Aprovado,Reprovado,,,,,,,,A,,,,,,,,,,,,False,,False,,False,,,,True,,,,,,False,,,,,,,,,False,,True,,,,,,,
542,54,6,D,5.0,A1-Canada (Cipó),A1-Canada,M,20.0,,,True,,False,,,,,Cursando,Aprovado,Reprovado,,,,,,,,A,,,,,,,,,,,,False,,False,,False,,,,True,,,,,,False,,,,,,,,,False,,True,,,,,,,
543,54,6,D,5.0,A2- Spain (Granjinha),A2- Spain,T,20.0,,,True,,False,,,,,Cursando,Aprovado,Reprovado,,,,,,,,A,,,,,,,,,,,,False,,False,,False,,,,True,,,,,,False,,,,,,,,,False,,True,,,,,,,
544,54,6,D,5.0,A1- Egypt (Centro),A1- Egypt,T,20.0,,,True,,False,,,,,Cursando,Aprovado,Reprovado,,,,,,,,A,,,,,,,,,,,,False,,False,,False,,,,True,,,,,,False,,,,,,,,,False,,True,,,,,,,
545,54,6,D,5.0,A1-Italy (Cipó),A1-Italy,T,20.0,,,True,,False,,,,,Cursando,Aprovado,Reprovado,,,,,,,,A,,,,,,,,,,,,False,,False,,False,,,,True,,,,,,False,,,,,,,,,False,,True,,,,,,,
547,2,6,G,,ALFA E - G2/G3 (Centro) - Tarde,G2/G3,T,12.0,,,True,,False,,,,,Cursando,Aprovado,Reprovado,,,,,,,,A,False,,,,,,,,,,,False,,False,,False,,,,False,,,,,,False,,,,,,,,,False,,True,,,,,,,
548,2,6,G,,ALFA T - G2/G3 (Centro) - Tarde/Noite,G2/G3,Z,12.0,,,True,,False,,,,,Cursando,Aprovado,Reprovado,,,,,,,,A,False,,,,,,,,,,,False,,False,,False,,,,False,,,,,,False,,,,,,,,,False,,True,,,,,,,
549,2,6,G,,ALFA J - G2/G3 (Filipinho) - Tarde,G2/G3,T,12.0,,,True,,False,,,,,Cursando,Aprovado,Reprovado,,,,,,,,A,False,,,,,,,,,,,False,,False,,False,,,,False,,,,,,False,,,,,,,,,False,,True,,,,,,,
551,11,6,G,,2N (Cipó) - Manhã,2N,M,15.0,,,True,1.0,False,,,,,Cursando,Aprovado,Reprovado,,,,,,,,A,False,,,,,,,,,,,False,,False,,False,,,,False,,,,,,False,,,,,,,,,False,,True,,,,,,,
552,15,6,G,,3I (Filipinho) Manhã,3I,M,15.0,,,True,,False,,,,,Cursando,Aprovado,Reprovado,,,,,,,,A,False,,,,,,,,,,,False,,False,,False,,,,False,,,,,,False,,,,,,,,,False,,True,,,,,,,
553,2,6,G,,ALFA U - G2/G3 (Cipó) - Manhã,G2/G3,M,12.0,,,True,1.0,False,,,,,Cursando,Aprovado,Reprovado,,,,,,,,A,False,,,,,,,,,,,False,,False,8.0,False,,,,False,,,,,,False,,,,,,,,,False,,True,,,,,,,
554,15,6,G,,3N (Cipó) - Manhã,3N,M,15.0,,,True,,False,,,,,Cursando,Aprovado,Reprovado,,,,,,,,A,False,,,,,,,,,,,False,,False,,False,,,,False,,,,,,False,,,,,,,,,False,,True,,,,,,,
555,2,6,G,,ALFA Y - G0/G1 (Centro) - Tarde,G0/G1,T,12.0,,,True,,False,,,,,Cursando,Aprovado,Reprovado,,,,,,,,A,False,,,,,,,,,,,False,,False,,False,,,,False,,,,,,False,,,,,,,,,False,,True,,,,,,,
556,2,6,G,,ALFA V - G0/G1 (Filipinho) - Tarde,G0/G1,T,12.0,,,True,1.0,False,,,,,Cursando,Aprovado,Reprovado,,,,,,,,A,False,,,,,,,,,,,False,,False,,False,,,,False,,,,,,False,,,,,,,,,False,,True,,,,,,,
557,2,6,G,,ALFA Z - G0/G1 (Filipinho) - Manhã,G0/G1,M,12.0,,,True,1.0,False,,,,,Cursando,Aprovado,Reprovado,,,,,,,,A,False,,,,,,,,,,,False,,False,,False,,,,False,,,,,,False,,,,,,,,,False,,True,,,,,,,
558,54,6,D,5.0,A1- Colômbia (Centro),A1-Colomb,N,20.0,,,True,,False,,,,,Cursando,Aprovado,Reprovado,,,,,,,,A,False,,,,,,,,,,,False,,False,,False,,,,False,,,,,,False,,,,,,,,,False,,True,,,,,,,
559,54,6,D,5.0,A1 - Argentina (Centro),A1-Argent,M,20.0,,,True,,False,,,,,Cursando,Aprovado,Reprovado,,,,,,,,A,False,,,,,,,,,,,False,,False,,False,,,,False,,,,,,False,,,,,,,,,False,,True,,,,,,,
560,54,6,D,5.0,New Zealand***,B2,T,20.0,,,True,,False,,,,,Cursando,Aprovado,Reprovado,,,,,,,,A,False,,,,,,,,,,,False,,False,,False,,,,False,,,,,,False,,,,,,,,,False,,True,,,,,,,
561,54,6,D,5.0,A2 - China (Filipinho),A2 - China,M,20.0,,,True,,False,,,,,Cursando,Aprovado,Reprovado,,,,,,,,A,False,,,,,,,,,,,False,,False,,False,,,,False,,,,,,False,,,,,,,,,False,,True,,,,,,,
562,54,6,D,5.0,A1 - Japan (Filipinho),A1 - Japan,T,20.0,,,True,,False,,,,,Cursando,Aprovado,Reprovado,,,,,,,,A,True,,,,,,,,,,,False,,False,,False,,,,False,,,,,,False,,,,,,,,,False,,True,,,,,,,
574,59,6,D,25.0,Eu no Comando - Centro *Noite,Psicologia,N,50.0,,,True,,False,,,,,Cursando,Aprovado,Reprovado,,,,,,,,A,False,,,,,,,,,,,False,,False,8.0,False,,,,False,,,,,,False,,,,,,,,,False,,True,,,,,,,
575,56,6,D,5.0,Inglês Universitários - Turma 1,Inglês Uni,M,50.0,,,True,,False,,,,,Cursando,Aprovado,Reprovado,,,,,,,,A,False,,,,,,,,,,,False,,False,,False,,,,False,,,,,,False,,,,,,,,,False,,True,,,,,,,
576,11,6,G,,2I (Filipinho)  - Manhã,2I,M,15.0,,,True,,False,,,,,Cursando,Aprovado,Reprovado,,,,,,,,A,False,,,,,,,,,,,False,,False,,False,,,,False,,,,,,False,,,,,,,,,False,,True,,,,,,,
577,11,6,G,,2G (Filipinho) - Tarde,2G,T,15.0,,,True,,False,,,,,Cursando,Aprovado,Reprovado,,,,,,,,A,False,,,,,,,,,,,False,,False,,False,,,,False,,,,,,False,,,,,,,,,False,,True,,,,,,,
578,11,6,G,,2H (Filipinho) - Noite,2H,N,15.0,,,True,,False,,,,,Cursando,Aprovado,Reprovado,,,,,,,,A,False,,,,,,,,,,,False,,False,,False,,,,False,,,,,,False,,,,,,,,,False,,True,,,,,,,
579,15,6,G,,3P (Granjinha) - Tarde,3P,T,15.0,,,True,,False,,,,,Cursando,Aprovado,Reprovado,,,,,,,,A,False,,,,,,,,,,,False,,False,,False,,,,False,,,,,,False,,,,,,,,,False,,True,,,,,,,
580,25,6,G,,4C (Centro) - Manhã,4C,M,15.0,,,True,,False,,,,,Cursando,Aprovado,Reprovado,,,,,,,,A,False,,,,,,,,,,,False,,False,,False,,,,False,,,,,,False,,,,,,,,,False,,True,,,,,,,
581,25,6,G,,4G (Filipinho) - Tarde/Noite,4G,Z,15.0,,,True,,False,,,,,Cursando,Aprovado,Reprovado,,,,,,,,A,False,,,,,,,,,,,False,,False,,False,,,,False,,,,,,False,,,,,,,,,False,,True,,,,,,,
582,25,6,G,,4M (Cipó) - Tarde,4M,T,15.0,,,True,,False,,,,,Cursando,Aprovado,Reprovado,,,,,,,,A,False,,,,,,,,,,,False,,False,,False,,,,False,,,,,,False,,,,,,,,,False,,True,,,,,,,
583,25,6,G,,4N (Cipó) - Manhã,4N,M,15.0,,,True,,False,,,,,Cursando,Aprovado,Reprovado,,,,,,,,A,False,,,,,,,,,,,False,,False,,False,,,,False,,,,,,False,,,,,,,,,False,,True,,,,,,,
584,29,6,G,,6F (Filipinho) - Tarde/Noite,6F,Z,20.0,,,True,,False,,,,,Cursando,Aprovado,Reprovado,,,,,,,,A,False,,,,,,,,,,,False,,False,,False,,,,False,,,,,,False,,,,,,,,,False,,True,,,,,,,
585,29,6,G,,6L (Cipó) - Tarde/Noite,6L,Z,15.0,,,True,,False,,,,,Cursando,Aprovado,Reprovado,,,,,,,,A,False,,,,,,,,,,,False,,False,,False,,,,False,,,,,,False,,,,,,,,,False,,True,,,,,,,
586,60,6,G,,9 (Formados) - EAD,9,I,100.0,,,True,,False,,,,,Cursando,Aprovado,Reprovado,,,,,,,,A,False,,,,,,,,,,,False,,False,,False,,,,False,,,,,,False,,,,,,,,,False,,True,,,,,,,
588,54,6,G,,A1 - Ecuador (Centro),A1-Ecuador,M,20.0,,,True,,False,,,,,Cursando,Aprovado,Reprovado,,,,,,,,A,False,,,,,,,,,,,False,,False,,False,,,,False,,,,,,False,,,,,,,,,False,,True,,,,,,,
589,54,6,G,,A2/B1 - Índia (Filipinho),A2/B1- Índ,T,20.0,,,True,,False,,,,,Cursando,Aprovado,Reprovado,,,,,,,,A,False,,,,,,,,,,,False,,False,,False,,,,False,,,,,,False,,,,,,,,,False,,True,,,,,,,
590,54,6,G,,A2/B1 - Turkey (Centro),A2/B1- Tur,T,20.0,,,True,,False,,,,,Cursando,Aprovado,Reprovado,,,,,,,,A,False,,,,,,,,,,,False,,False,,False,,,,False,,,,,,False,,,,,,,,,False,,True,,,,,,,
591,54,6,G,,A2 - England (Cipó),A2 - Engl,T,20.0,,,True,,False,,,,,Cursando,Aprovado,Reprovado,,,,,,,,A,False,,,,,,,,,,,False,,False,,False,,,,False,,,,,,False,,,,,,,,,False,,True,,,,,,,
592,54,6,G,,A2 - Qatar (Cipó),A2-Qatar,T,20.0,,,True,,False,,,,,Cursando,Aprovado,Reprovado,,,,,,,,A,False,,,,,,,,,,,False,,False,,False,,,,False,,,,,,False,,,,,,,,,False,,True,,,,,,,
593,54,6,G,,A2/B1 - Jamaica (Cipó),A2/B1-Jamc,T,20.0,,,True,,False,,,,,Cursando,Aprovado,Reprovado,,,,,,,,A,False,,,,,,,,,,,False,,False,,False,,,,False,,,,,,False,,,,,,,,,False,,True,,,,,,,
594,56,6,D,5.0,Inglês Universitários - Turma 2,Inglês Uni,M,50.0,,,True,,False,,,,,Cursando,Aprovado,Reprovado,,,,,,,,A,False,,,,,,,,,,,False,,False,,False,,,,False,,,,,,False,,,,,,,,,False,,True,,,,,,,
595,8,6,G,,1J (Filipinho) - Tarde,1J,M,15.0,,,True,,False,,,,,Cursando,Aprovado,Reprovado,,,,,,,,A,False,,,,,,,,,,,False,,False,,False,,,,False,,,,,,False,,,,,,,,,False,,True,,,,,,,
596,24,6,G,,5C (Centro) - Manhã,5C,M,15.0,,,True,,False,,,,,Cursando,Aprovado,Reprovado,,,,,,,,A,False,,,,,,,,,,,False,,False,,False,,,,False,,,,,,False,,,,,,,,,False,,True,,,,,,,
597,54,6,G,,A2 - Rússia (Centro),A2- Rússia,M,20.0,,,True,,False,,,,,Cursando,Aprovado,Reprovado,,,,,,,,A,False,,,,,,,,,,,False,,False,,False,,,,False,,,,,,False,,,,,,,,,False,,True,,,,,,,
598,59,6,D,25.0,Eu no Comando - Centro *Manhã,Psicologia,M,50.0,,,True,,False,,,,,Cursando,Aprovado,Reprovado,,,,,,,,A,False,,,,,,,,,,,False,,False,,False,,,,False,,,,,,False,,,,,,,,,False,,True,,,,,,,
601,54,6,G,,Surinam***,A1 -,N,20.0,,,True,,False,,,,,Cursando,Aprovado,Reprovado,,,,,,,,A,False,,,,,,,,,,,False,,False,,False,,,,False,,,,,,False,,,,,,,,,False,,True,,,,,,,
602,49,6,D,18.0,TOEIC,TOEIC,N,30.0,,,True,,False,,,,,Cursando,Aprovado,Reprovado,,,,,,,,A,False,,,,,,,,,,,False,,False,,False,,,,False,,,,,,False,,,,,,,,,False,,True,,,,,,,
603,59,6,D,25.0,Eu no Comando - Cipó *Noite,Psicologia,N,30.0,,,True,,False,,,,,Cursando,Aprovado,Reprovado,,,,,,,,A,False,,,,,,,,,,,False,,False,,False,,,,False,,,,,,False,,,,,,,,,False,,True,,,,,,,
604,57,6,D,18.0,Tecnologia *Manhã (Módulo 1/2) *Turma 2.2023*,Fiap M1M,M,16.0,,,True,,False,,,,,Cursando,Aprovado,Reprovado,,,,,,,,A,False,,,,,,,,,,,False,,False,,False,,,,False,,,,,,False,,,,,,,,,False,,True,,,,,,,
605,57,6,D,18.0,Tecnologia *Manhã (Módulo 2) *Turma 1.2022*,Fiap M2M,M,16.0,,,True,,False,,,,,Cursando,Aprovado,Reprovado,,,,,,,,A,False,,,,,,,,,,,False,,False,,False,,,,False,,,,,,False,,,,,,,,,False,,True,,,,,,,
606,57,6,D,18.0,Tecnologia *Tarde (Módulo 1/2) *Turma 2.2023*,Fiap M1T,T,16.0,,,True,,False,,,,,Cursando,Aprovado,Reprovado,,,,,,,,A,False,,,,,,,,,,,False,,False,,False,,,,False,,,,,,False,,,,,,,,,False,,True,,,,,,,
607,57,6,D,18.0,Tecnologia *Tarde (Módulo 2) *Turma 1.2022*,Fiap M2T,T,16.0,,,True,,False,,,,,Cursando,Aprovado,Reprovado,,,,,,,,A,False,,,,,,,,,,,False,,False,,False,,,,False,,,,,,False,,,,,,,,,False,,True,,,,,,,
608,57,6,D,18.0,Tecnologia *Noite (Módulo 1/2) *Turma 2.2023*,Fiap M1N,N,16.0,,,True,,False,,,,,Cursando,Aprovado,Reprovado,,,,,,,,A,False,,,,,,,,,,,False,,False,,False,,,,False,,,,,,False,,,,,,,,,False,,True,,,,,,,
609,57,6,D,18.0,Tecnologia *Noite (Módulo 2) *Turma 1.2022*,Fiap M2N,N,16.0,,,True,,False,,,,,Cursando,Aprovado,Reprovado,,,,,,,,A,False,,,,,,,,,,,False,,False,,False,,,,False,,,,,,False,,,,,,,,,False,,True,,,,,,,
610,33,6,D,18.0,German Class,Alemão,N,20.0,,,True,,False,,,,,Cursando,Aprovado,Reprovado,,,,,,,,A,False,,,,,,,,,,,False,,False,,False,,,,False,,,,,,False,,,,,,,,,False,,True,,,,,,,
611,38,6,D,18.0,Construindo Sonhos,C. Sonhos,T,30.0,,,True,1.0,False,,,,,Cursando,Aprovado,Reprovado,,,,,,,,A,False,,,,,,,,,,,False,,False,,False,,,,False,,,,,,False,,,,,,,,,False,,True,,,,,,,
612,57,6,D,18.0,Tecnologia *Manhã (Módulo 1) *Turma 3.2023*,Fiap M1M,M,16.0,,,True,,False,,,,,Cursando,Aprovado,Reprovado,,,,,,,,A,False,,,,,,,,,,,False,,False,,False,,,,False,,,,,,False,,,,,,,,,False,,True,,,,,,,
613,57,6,D,18.0,Tecnologia *Tarde (Módulo 1) *Turma 3.2023*,Fiap M1T,T,16.0,,,True,,False,,,,,Cursando,Aprovado,Reprovado,,,,,,,,A,False,,,,,,,,,,,False,,False,,False,,,,False,,,,,,False,,,,,,,,,False,,True,,,,,,,
614,57,6,D,18.0,Tecnologia *Noite (Módulo 1) *Turma 3.2023*,Fiap M1N,N,16.0,,,True,,False,,,,,Cursando,Aprovado,Reprovado,,,,,,,,A,False,,,,,,,,,,,False,,False,,False,,,,False,,,,,,False,,,,,,,,,False,,True,,,,,,,
615,2,7,G,,ALFA I - G2/G3 (Filipinho) - Manhã,G2/G3,M,12.0,,,True,,False,,,,,Cursando,Aprovado,Reprovado,,,,,,,,A,,,,,,,,,,,,False,,False,,False,,,,True,,,,,,False,,,,,,,,,False,,True,,,,,,,
616,2,7,G,,ALFA Q - G2/G3 (Granjinha) - Tarde,G2/G3,T,12.0,,,True,,False,,,,,Cursando,Aprovado,Reprovado,,,,,,,,A,False,,,,,,,,,,,False,,False,,False,,,,True,,,,,,False,,,,,,,,,False,,True,,,,,,,
617,2,7,G,,ALFA K - G0/G1 (Cipó) - Tarde,G0/G1,T,12.0,,,True,,False,,,,,Cursando,Aprovado,Reprovado,,,,,,,,A,False,,,,,,,,,,,False,,False,,False,,,,True,,,,,,False,,,,,,,,,False,,True,,,,,,,
618,2,7,G,,ALFA L - G2/G3 (Cipó) - Tarde,G2/G3,T,12.0,,,True,,False,,,,,Cursando,Aprovado,Reprovado,,,,,,,,A,False,,,,,,,,,,,False,,False,,False,,,,True,,,,,,False,,,,,,,,,False,,True,,,,,,,
619,2,7,G,,ALFA M - G0/G1 (Cipó) - Manhã,G0/G1,M,12.0,,,True,,False,,,,,Cursando,Aprovado,Reprovado,,,,,,,,A,False,,,,,,,,,,,False,,False,,False,,,,True,,,,,,False,,,,,,,,,False,,True,,,,,,,
620,2,7,G,,ALFA N - G2/G3 (Cipó) - Manhã,G2/G3,M,12.0,,,True,,False,,,,,Cursando,Aprovado,Reprovado,,,,,,,,A,False,,,,,,,,,,,False,,False,,False,,,,True,,,,,,False,,,,,,,,,False,,True,,,,,,,
621,2,7,G,,ALFA O - G2/G3 (Cipó) - Tarde,G2/G3,T,12.0,,,True,,False,,,,,Cursando,Aprovado,Reprovado,,,,,,,,A,False,,,,,,,,,,,False,,False,,False,,,,True,,,,,,False,,,,,,,,,False,,True,,,,,,,
622,2,7,G,,ALFA R - G0/G1 (Granjinha) - Manhã,G0/G1,M,12.0,,,True,,False,,,,,Cursando,Aprovado,Reprovado,,,,,,,,A,False,,,,,,,,,,,False,,False,,False,,,,True,,,,,,False,,,,,,,,,False,,True,,,,,,,
623,2,7,G,,ALFA S - G2/G3 (Granjinha) - Manhã,G2/G3,M,12.0,,,True,,False,,,,,Cursando,Aprovado,Reprovado,,,,,,,,A,False,,,,,,,,,,,False,,False,,False,,,,True,,,,,,False,,,,,,,,,False,,True,,,,,,,
624,8,7,G,,1A (Centro) - Tarde,1A,T,15.0,,,True,,False,,,,,Cursando,Aprovado,Reprovado,,,,,,,,A,,,,,,,,,,,,False,,False,,False,,,,True,,,,,,False,,,,,,,,,False,,True,,,,,,,
625,8,7,G,,1B (Centro) - Tarde,1B,T,15.0,,B,True,,False,,,,,Cursando,Aprovado,Reprovado,,,,,,,,A,False,,,,,,,,,,,False,,False,,False,,,,True,,,,,,False,,,,,,,,,False,,True,,,,,,,
626,8,7,G,,1C (Centro)  - Manhã,1C,M,15.0,,,True,1.0,False,,,,,Cursando,Aprovado,Reprovado,,,,,,,,A,False,,,,,,,,,,,False,,False,,False,,,,True,,,,,,False,,,,,,,,,False,,True,,,,,,,
627,8,7,G,,1F (Filipinho) - Manhã,1F,M,15.0,,F,True,1.0,False,,,,,Cursando,Aprovado,Reprovado,,,,,,,,A,False,,,,,,,,,,,False,,False,,False,,,,True,,,,,,False,,,,,,,,,False,,True,,,,,,,
628,8,7,G,,1G (Filipinho) - Tarde,1G,T,15.0,,G,True,1.0,False,,,,,Cursando,Aprovado,Reprovado,,,,,,,,A,False,,,,,,,,,,,False,,False,,False,,,,True,,,,,,False,,,,,,,,,False,,True,,,,,,,
629,8,7,G,,1K (Cipó) - Tarde,1K,T,15.0,,,True,1.0,False,,,,,Cursando,Aprovado,Reprovado,,,,,,,,A,False,,,,,,,,,,,False,,False,,False,,,,True,,,,,,False,,,,,,,,,False,,True,,,,,,,
630,8,7,G,,1M (Cipó) - Tarde,1M,T,15.0,,,True,,False,,,,,Cursando,Aprovado,Reprovado,,,,,,,,A,False,,,,,,,,,,,False,,False,,False,,,,True,,,,,,False,,,,,,,,,False,,True,,,,,,,
631,8,7,G,,1N (Cipó) - Manhã,1N,M,15.0,,,True,1.0,False,,,,,Cursando,Aprovado,Reprovado,,,,,,,,A,False,,,,,,,,,,,False,,False,,False,,,,True,,,,,,False,,,,,,,,,False,,True,,,,,,,
632,8,7,G,,1R (Granjinha) - Tarde,1R,T,15.0,,R,True,1.0,False,,,,,Cursando,Aprovado,Reprovado,,,,,,,,A,False,,,,,,,,,,,False,,False,,False,,,,True,,,,,,False,,,,,,,,,False,,True,,,,,,,
633,11,7,G,,2A (Centro) - Tarde,2A,T,15.0,,A,True,1.0,False,,,,,Cursando,Aprovado,Reprovado,,,,,,,,A,,,,,,,,,,,,False,,False,,False,,,,True,,,,,,False,,,,,,,,,False,,True,,,,,,,
634,11,7,G,,2B (Centro) - Tarde/Noite,2B,Z,15.0,,,True,1.0,False,,,,,Cursando,Aprovado,Reprovado,,,,,,,,A,,,,,,,,,,,,False,,False,,False,,,,True,,,,,,False,,,,,,,,,False,,True,,,,,,,
635,11,7,G,,2D (Centro)  - Manhã,2D,M,15.0,,,True,1.0,False,,,,,Cursando,Aprovado,Reprovado,,,,,,,,A,False,,,,,,,,,,,False,,False,,False,,,,True,,,,,,False,,,,,,,,,False,,True,,,,,,,
637,11,7,G,,2C (Centro)  - Noite,2C,N,15.0,,,True,1.0,False,,,,,Cursando,Aprovado,Reprovado,,,,,,,,A,False,,,,,,,,,,,False,,False,,False,,,,True,,,,,,False,,,,,,,,,False,,True,,,,,,,
638,11,7,G,,2U (Cipó) - Tarde,2U,T,15.0,,,True,1.0,False,,,,,Cursando,Aprovado,Reprovado,,,,,,,,A,False,,,,,,,,,,,False,,False,,False,,,,True,,,,,,False,,,,,,,,,False,,True,,,,,,,
639,11,7,G,,2K ( Cipó) - Tarde,2K,T,15.0,,,True,1.0,False,,,,,Cursando,Aprovado,Reprovado,,,,,,,,A,False,,,,,,,,,,,False,,False,,False,,,,True,,,,,,False,,,,,,,,,False,,True,,,,,,,
640,11,7,G,,2L (Cipó) - Noite,2L,N,15.0,,,True,1.0,False,,,,,Cursando,Aprovado,Reprovado,,,,,,,,A,False,,,,,,,,,,,False,,False,,False,,,,True,,,,,,False,,,,,,,,,False,,True,,,,,,,
641,11,7,G,,2M ( Cipó) - Manhã,2M,M,15.0,,,True,1.0,False,,,,,Cursando,Aprovado,Reprovado,,,,,,,,A,False,,,,,,,,,,,False,,False,,False,,,,True,,,,,,False,,,,,,,,,False,,True,,,,,,,
642,11,7,G,,2P (Granjinha) - Manhã,2P,M,15.0,,,True,1.0,False,,,,,Cursando,Aprovado,Reprovado,,,,,,,,A,False,,,,,,,,,,,False,,False,,False,,,,True,,,,,,False,,,,,,,,,False,,True,,,,,,,
643,15,7,G,,3A (Centro) - Tarde,3A,T,15.0,,,True,,False,,,,,Cursando,Aprovado,Reprovado,,,,,,,,A,False,,,,,,,,,,,False,,False,,False,,,,True,,,,,,False,,,,,,,,,False,,True,,,,,,,
644,15,7,G,,3B (Centro)  - Tarde/Noite,3B,Z,15.0,,,True,,False,,,,,Cursando,Aprovado,Reprovado,,,,,,,,A,False,,,,,,,,,,,False,,False,,False,,,,True,,,,,,False,,,,,,,,,False,,True,,,,,,,
645,15,7,G,,3C (Centro)  - Manhã,3C,M,15.0,,,True,,False,,,,,Cursando,Aprovado,Reprovado,,,,,,,,A,False,,,,,,,,,,,False,,False,,False,,,,True,,,,,,False,,,,,,,,,False,,True,,,,,,,
646,15,7,G,,3D (Centro)  - Tarde/Noite,3D,Z,15.0,,,True,,False,,,,,Cursando,Aprovado,Reprovado,,,,,,,,A,False,,,,,,,,,,,False,,False,,False,,,,True,,,,,,False,,,,,,,,,False,,True,,,,,,,
647,15,7,G,,3F (Filipinho) - Tarde,3F,T,15.0,,,True,,False,,,,,Cursando,Aprovado,Reprovado,,,,,,,,A,False,,,,,,,,,,,False,,False,,False,,,,True,,,,,,False,,,,,,,,,False,,True,,,,,,,
648,15,7,G,,3G (Filipinho) - Tarde/Noite,3G,Z,15.0,,,True,,False,,,,,Cursando,Aprovado,Reprovado,,,,,,,,A,False,,,,,,,,,,,False,,False,,False,,,,True,,,,,,False,,,,,,,,,False,,True,,,,,,,
649,15,7,G,,3L (Cipó) - Tarde,3L,T,15.0,,,True,,False,,,,,Cursando,Aprovado,Reprovado,,,,,,,,A,False,,,,,,,,,,,False,,False,,False,,,,True,,,,,,False,,,,,,,,,False,,True,,,,,,,
650,15,7,G,,3M (Cipó) - Tarde,3M,T,15.0,,,True,,False,,,,,Cursando,Aprovado,Reprovado,,,,,,,,A,False,,,,,,,,,,,False,,False,,False,,,,True,,,,,,False,,,,,,,,,False,,True,,,,,,,
651,18,7,G,,8A (Universitários) - 2020,8A,I,25.0,,,True,,False,,,,,Cursando,Aprovado,Reprovado,,,,,,,,A,False,,,,,,,,,,,False,,False,,False,,,,True,,,,,,False,,,,,,,,,False,,True,,,,,,,
652,18,7,G,,8B (Universitários) - 2021,8B,I,25.0,,,True,,False,,,,,Cursando,Aprovado,Reprovado,,,,,,,,A,False,,,,,,,,,,,False,,False,,False,,,,True,,,,,,False,,,,,,,,,False,,True,,,,,,,
654,24,7,G,,5B (Centro) - Tarde,5B,T,15.0,,,True,1.0,False,,,,,Cursando,Aprovado,Reprovado,,,,,,,,A,False,,,,,,,,,,,False,,False,,False,,,,True,,,,,,False,,,,,,,,,False,,True,,,,,,,
655,24,7,G,,5F (Filipinho) - Tarde,5F,T,15.0,,,True,,False,,,,,Cursando,Aprovado,Reprovado,,,,,,,,A,False,,,,,,,,,,,False,,False,,False,,,,True,,,,,,False,,,,,,,,,False,,True,,,,,,,
656,24,7,G,,5L (Cipó) - Tarde,5L,T,15.0,,,True,1.0,False,,,,,Cursando,Aprovado,Reprovado,,,,,,,,A,False,,,,,,,,,,,False,,False,,False,,,,True,,,,,,False,,,,,,,,,False,,True,,,,,,,
657,24,7,G,,5A (Centro) - Tarde,5A,T,15.0,,,True,,False,,,,,Cursando,Aprovado,Reprovado,,,,,,,,A,False,,,,,,,,,,,False,,False,,False,,,,True,,,,,,False,,,,,,,,,False,,True,,,,,,,
658,25,7,G,,4A (Centro) - Tarde,4A,T,15.0,,,True,1.0,False,34.0,,,,Cursando,Aprovado,Reprovado,,,,,,,,A,False,,,,,,,,,,,False,,False,,False,,,,True,,,,,,False,,,,,,,,,False,,True,,,,,,,
659,25,7,G,,4F (Filipinho) - Tarde/Noite,4F,Z,15.0,,,True,,False,,,,,Cursando,Aprovado,Reprovado,,,,,,,,A,False,,,,,,,,,,,False,,False,,False,,,,True,,,,,,False,,,,,,,,,False,,True,,,,,,,
660,25,7,G,,4L (Cipó) - Noite,4L,N,15.0,,,True,,False,,,,,Cursando,Aprovado,Reprovado,,,,,,,,A,False,,,,,,,,,,,False,,False,,False,,,,True,,,,,,False,,,,,,,,,False,,True,,,,,,,
661,29,7,G,,6A (Centro) - Tarde,6A,T,15.0,,,True,,False,,,,,Cursando,Aprovado,Reprovado,,,,,,,,A,False,,,,,,,,,,,False,,False,,False,,,,True,,,,,,False,,,,,,,,,False,,True,,,,,,,
662,32,7,G,,7A (Centro) - Noite,7A,N,20.0,,,True,1.0,False,,,,,Cursando,Aprovado,Reprovado,,,,,,,,A,False,,,,,,,,,,,False,,False,,False,,,,True,,,,,,False,,,,,,,,,False,,True,,,,,,,
663,32,7,G,,7E (SP) - Integral,7E,I,15.0,,,True,,False,,,,,Cursando,Aprovado,Reprovado,,,,,,,,A,False,,,,,,,,,,,False,,False,,False,,,,True,,,,,,False,,,,,,,,,False,,True,,,,,,,
664,54,7,D,5.0,Áustria - A1 (Cipó) - Tarde,A1-Áustria,Z,20.0,,,True,,False,,,,,Cursando,Aprovado,Reprovado,,,,,,,,A,,,,,,,,,,,,False,,False,,False,,,,True,,,,,,False,,,,,,,,,False,,True,,,,,,,
665,2,7,G,,ALFA A - G0/G1  (Centro) - Tarde,G0/G1,T,12.0,,,True,,False,,,,,Cursando,Aprovado,Reprovado,,,,,,,,A,False,,,,,,,,,,,False,,False,,False,,,,False,,,,,,False,,,,,,,,,False,,True,,,,,,,
666,2,7,G,,ALFA B - G2/G3 (Centro) - Tarde,G2/G3,T,12.0,,,True,,False,,,,,Cursando,Aprovado,Reprovado,,,,,,,,A,False,,,,,,,,,,,False,,False,,False,,,,False,,,,,,False,,,,,,,,,False,,True,,,,,,,
667,2,7,G,,ALFA C - G0/G1 (Centro) - Manhã,G0/G1,M,12.0,,,True,,False,,,,,Cursando,Aprovado,Reprovado,,,,,,,,A,False,,,,,,,,,,,False,,False,,False,,,,False,,,,,,False,,,,,,,,,False,,True,,,,,,,
668,2,7,G,,ALFA D - G2/G3 (Centro) - Manhã,G2/G3,M,12.0,,,True,,False,,,,,Cursando,Aprovado,Reprovado,,,,,,,,A,False,,,,,,,,,,,False,,False,,False,,,,False,,,,,,False,,,,,,,,,False,,True,,,,,,,
669,2,7,G,,ALFA F - G0/G1 (Filipinho) - Tarde,G0/G1,T,12.0,,,True,,False,,,,,Cursando,Aprovado,Reprovado,,,,,,,,A,False,,,,,,,,,,,False,,False,,False,,,,False,,,,,,False,,,,,,,,,False,,True,,,,,,,
670,2,7,G,,ALFA G - G2/G3 (Filipinho) - Tarde/Noite,G2/G3,Z,12.0,,,True,,False,,,,,Cursando,Aprovado,Reprovado,,,,,,,,A,False,,,,,,,,,,,False,,False,,False,,,,False,,,,,,False,,,,,,,,,False,,True,,,,,,,
671,2,7,G,,ALFA H - G0/G1 (Filipinho) - Manhã,G0/G1,M,12.0,,,True,,False,,,,,Cursando,Aprovado,Reprovado,,,,,,,,A,False,,,,,,,,,,,False,,False,,False,,,,False,,,,,,False,,,,,,,,,False,,True,,,,,,,
672,25,7,G,,4H (Filipinho) - Manhã,4H,M,15.0,,,True,,False,,,,,Cursando,Aprovado,Reprovado,,,,,,,,A,False,,,,,,,,,,,False,,False,,False,,,,False,,,,,,False,,,,,,,,,False,,True,,,,,,,
673,8,7,G,,1H (Filipinho) - Tarde/Noite,1H,Z,15.0,,,True,1.0,False,,,,,Cursando,Aprovado,Reprovado,,,,,,,,A,False,,,,,,,,,,,False,,False,,False,,,,False,,,,,,False,,,,,,,,,False,,True,,,,,,,
674,11,7,G,,2R (Granjinha) - Tarde,2R,T,15.0,,,True,1.0,False,,,,,Cursando,Aprovado,Reprovado,,,,,,,,A,False,,,,,,,,,,,False,,False,,False,,,,False,,,,,,False,,,,,,,,,False,,True,,,,,,,
675,8,7,G,,1P (Granjinha) - Manhã,1P,M,15.0,,,True,1.0,False,,,,,Cursando,Aprovado,Reprovado,,,,,,,,A,False,,,,,,,,,,,False,,False,,False,,,,False,,,,,,False,,,,,,,,,False,,True,,,,,,,
676,8,7,G,,1L (Cipó) - Tarde,1L,T,15.0,,,True,1.0,False,,,,,Cursando,Aprovado,Reprovado,,,,,,,,A,False,,,,,,,,,,,False,,False,,False,,,,False,,,,,,False,,,,,,,,,False,,True,,,,,,,
677,24,7,G,,5M (Cipó) - Tarde/Noite,5M,Z,15.0,,,True,1.0,False,,,,,Cursando,Aprovado,Reprovado,,,,,,,,A,False,,,,,,,,,,,False,,False,,False,,,,False,,,,,,False,,,,,,,,,False,,True,,,,,,,
678,15,7,G,,3K (Cipó) - Tarde,3K,T,15.0,,,True,,False,,,,,Cursando,Aprovado,Reprovado,,,,,,,,A,False,,,,,,,,,,,False,,False,,False,,,,False,,,,,,False,,,,,,,,,False,,True,,,,,,,
679,8,7,G,,1D (Centro)  - Manhã,1D,M,15.0,,,True,1.0,False,,,,,Cursando,Aprovado,Reprovado,,,,,,,,A,False,,,,,,,,,,,False,,False,,False,,,,False,,,,,,False,,,,,,,,,False,,True,,,,,,,
680,25,7,G,,4B (Centro) - Tarde/Noite,4B,T,15.0,,,True,,False,,,,,Cursando,Aprovado,Reprovado,,,,,,,,A,False,,,,,,,,,,,False,,False,,False,,,,False,,,,,,False,,,,,,,,,False,,True,,,,,,,
681,18,7,G,,8D (Universitários) - 2022,8D,I,30.0,,,True,,False,,,,,Cursando,Aprovado,Reprovado,,,,,,,,A,False,,,,,,,,,,,False,,False,,False,,,,False,,,,,,False,,,,,,,,,False,,True,,,,,,,
682,18,7,G,,8E (Universitários) - 2023,8E,I,30.0,,,True,,False,,,,,Cursando,Aprovado,Reprovado,,,,,,,,A,False,,,,,,,,,,,False,,False,,False,,,,False,,,,,,False,,,,,,,,,False,,True,,,,,,,
683,54,7,D,5.0,Brazil - A1 (Centro) - Tarde,A1-Brazil,T,20.0,,,True,,False,,,,,Cursando,Aprovado,Reprovado,,,,,,,,A,,,,,,,,,,,,False,,False,,False,,,,True,,,,,,False,,,,,,,,,False,,True,,,,,,,
684,54,7,D,5.0,Chile - A1 (Centro) - Noite,A1-Chile,N,20.0,,,True,,False,,,,,Cursando,Aprovado,Reprovado,,,,,,,,A,,,,,,,,,,,,False,,False,,False,,,,True,,,,,,False,,,,,,,,,False,,True,,,,,,,
685,54,7,D,5.0,The USA - A1 (Filipinho) - Noite,A1-The USA,N,20.0,,,True,,False,,,,,Cursando,Aprovado,Reprovado,,,,,,,,A,,,,,,,,,,,,False,,False,,False,,,,True,,,,,,False,,,,,,,,,False,,True,,,,,,,
686,54,7,D,5.0,Kenya - A1 (Cipó) - Noite,A1-Kenya,N,20.0,,,True,,False,,,,,Cursando,Aprovado,Reprovado,,,,,,,,A,,,,,,,,,,,,False,,False,,False,,,,True,,,,,,False,,,,,,,,,False,,True,,,,,,,
687,54,7,D,5.0,Nigeria - A2 (Centro) - Tarde,A2-Nigeria,T,20.0,,,True,,False,,,,,Cursando,Aprovado,Reprovado,,,,,,,,A,,,,,,,,,,,,False,,False,,False,,,,True,,,,,,False,,,,,,,,,False,,True,,,,,,,
688,54,7,D,5.0,France - A1 (Centro) - Tarde,A1-France,T,20.0,,,True,,False,,,,,Cursando,Aprovado,Reprovado,,,,,,,,A,,,,,,,,,,,,False,,False,,False,,,,True,,,,,,False,,,,,,,,,False,,True,,,,,,,
689,54,7,D,5.0,Mexico - A2 (Cipó) - Tarde,A2-Mexico,T,20.0,,,True,,False,,,,,Cursando,Aprovado,Reprovado,,,,,,,,A,,,,,,,,,,,,False,,False,,False,,,,True,,,,,,False,,,,,,,,,False,,True,,,,,,,
690,54,7,D,5.0,Uruguay -A1 (Cipó) - Manhã,A1-Uruguay,M,20.0,,,True,,False,,,,,Cursando,Aprovado,Reprovado,,,,,,,,A,,,,,,,,,,,,False,,False,,False,,,,True,,,,,,False,,,,,,,,,False,,True,,,,,,,
691,54,7,D,5.0,Germany - A1 (Cipó) - Manhã,A1-Germany,M,20.0,,,True,,False,,,,,Cursando,Aprovado,Reprovado,,,,,,,,A,,,,,,,,,,,,False,,False,,False,,,,True,,,,,,False,,,,,,,,,False,,True,,,,,,,
692,54,7,D,5.0,Belgium - A2 (Filipinho) - Noite,A2-Belgium,N,20.0,,,True,,False,,,,,Cursando,Aprovado,Reprovado,,,,,,,,A,,,,,,,,,,,,False,,False,,False,,,,True,,,,,,False,,,,,,,,,False,,True,,,,,,,
693,54,7,D,5.0,Ireland - A1 (Filipinho) - Manhã,A1-Ireland,M,20.0,,,True,,False,,,,,Cursando,Aprovado,Reprovado,,,,,,,,A,,,,,,,,,,,,False,,False,,False,,,,True,,,,,,False,,,,,,,,,False,,True,,,,,,,
694,54,7,D,5.0,Poland - A1 (Granjinha) - Tarde,A1-Poland,T,20.0,,,True,,False,,,,,Cursando,Aprovado,Reprovado,,,,,,,,A,,,,,,,,,,,,False,,False,,False,,,,True,,,,,,False,,,,,,,,,False,,True,,,,,,,
695,54,7,D,5.0,Canada - A1 (Cipó) - Manhã,A1-Canada,M,20.0,,,True,,False,,,,,Cursando,Aprovado,Reprovado,,,,,,,,A,,,,,,,,,,,,False,,False,,False,,,,True,,,,,,False,,,,,,,,,False,,True,,,,,,,
696,54,7,D,5.0,Spain - A1 (Granjinha) - Manhã,A1- Spain,M,20.0,,,True,,False,,,,,Cursando,Aprovado,Reprovado,,,,,,,,A,,,,,,,,,,,,False,,False,,False,,,,True,,,,,,False,,,,,,,,,False,,True,,,,,,,
697,54,7,D,5.0,Egypt - A2 (Centro) - Noite,A2- Egypt,N,20.0,,,True,,False,,,,,Cursando,Aprovado,Reprovado,,,,,,,,A,,,,,,,,,,,,False,,False,,False,,,,True,,,,,,False,,,,,,,,,False,,True,,,,,,,
698,54,7,D,5.0,Italy - A1 (Filipinho) - Tarde,A1-Italy,T,20.0,,,True,,False,,,,,Cursando,Aprovado,Reprovado,,,,,,,,A,,,,,,,,,,,,False,,False,,False,,,,True,,,,,,False,,,,,,,,,False,,True,,,,,,,
699,2,7,G,,ALFA E - G2/G3 (Centro) - Tarde,G2/G3,T,12.0,,,True,,False,,,,,Cursando,Aprovado,Reprovado,,,,,,,,A,False,,,,,,,,,,,False,,False,,False,,,,False,,,,,,False,,,,,,,,,False,,True,,,,,,,
700,2,7,G,,ALFA T - G2/G3 (Centro) - Tarde/Noite,G2/G3,Z,12.0,,,True,,False,,,,,Cursando,Aprovado,Reprovado,,,,,,,,A,False,,,,,,,,,,,False,,False,,False,,,,False,,,,,,False,,,,,,,,,False,,True,,,,,,,
701,2,7,G,,ALFA J - G2/G3 (Filipinho) - Tarde,G2/G3,T,12.0,,,True,,False,,,,,Cursando,Aprovado,Reprovado,,,,,,,,A,False,,,,,,,,,,,False,,False,,False,,,,False,,,,,,False,,,,,,,,,False,,True,,,,,,,
702,11,7,G,,2N (Cipó) - Manhã,2N,M,15.0,,,True,1.0,False,,,,,Cursando,Aprovado,Reprovado,,,,,,,,A,False,,,,,,,,,,,False,,False,,False,,,,False,,,,,,False,,,,,,,,,False,,True,,,,,,,
703,15,7,G,,3I (Filipinho) Manhã,3I,M,15.0,,,True,,False,,,,,Cursando,Aprovado,Reprovado,,,,,,,,A,False,,,,,,,,,,,False,,False,,False,,,,False,,,,,,False,,,,,,,,,False,,True,,,,,,,
704,2,7,G,,ALFA U - G2/G3 (Cipó) - Manhã,G2/G3,M,12.0,,,True,1.0,False,,,,,Cursando,Aprovado,Reprovado,,,,,,,,A,False,,,,,,,,,,,False,,False,,False,,,,False,,,,,,False,,,,,,,,,False,,True,,,,,,,
705,15,7,G,,3N (Cipó) - Manhã,3N,M,15.0,,,True,,False,,,,,Cursando,Aprovado,Reprovado,,,,,,,,A,False,,,,,,,,,,,False,,False,,False,,,,False,,,,,,False,,,,,,,,,False,,True,,,,,,,
706,2,7,G,,ALFA Y - G0/G1 (Centro) - Tarde,G0/G1,T,12.0,,,True,,False,,,,,Cursando,Aprovado,Reprovado,,,,,,,,A,False,,,,,,,,,,,False,,False,,False,,,,False,,,,,,False,,,,,,,,,False,,True,,,,,,,
709,54,7,D,5.0,Argentina - A2 (Centro) - Manhã,A2-Argent,M,20.0,,,True,,False,,,,,Cursando,Aprovado,Reprovado,,,,,,,,A,False,,,,,,,,,,,False,,False,,False,,,,False,,,,,,False,,,,,,,,,False,,True,,,,,,,
711,59,7,D,25.0,Eu no Comando - Centro *Noite,Psicologia,N,35.0,,,True,,False,,,,,Cursando,Aprovado,Reprovado,,,,,,,,A,False,,,,,,,,,,,False,,False,,False,,,,False,,,,,,False,,,,,,,,,False,,True,,,,,,,
712,11,7,G,,2I (Filipinho)  - Manhã,2I,M,15.0,,,True,,False,,,,,Cursando,Aprovado,Reprovado,,,,,,,,A,False,,,,,,,,,,,False,,False,,False,,,,False,,,,,,False,,,,,,,,,False,,True,,,,,,,
713,11,7,G,,2G (Filipinho) - Tarde,2G,T,15.0,,,True,,False,,,,,Cursando,Aprovado,Reprovado,,,,,,,,A,False,,,,,,,,,,,False,,False,,False,,,,False,,,,,,False,,,,,,,,,False,,True,,,,,,,
714,11,7,G,,2H (Filipinho) - Noite,2H,N,15.0,,,True,,False,,,,,Cursando,Aprovado,Reprovado,,,,,,,,A,False,,,,,,,,,,,False,,False,,False,,,,False,,,,,,False,,,,,,,,,False,,True,,,,,,,
715,15,7,G,,3P (Granjinha) - Tarde,3P,T,15.0,,,True,,False,,,,,Cursando,Aprovado,Reprovado,,,,,,,,A,False,,,,,,,,,,,False,,False,,False,,,,False,,,,,,False,,,,,,,,,False,,True,,,,,,,
716,25,7,G,,4C (Centro) - Manhã,4C,M,15.0,,,True,,False,,,,,Cursando,Aprovado,Reprovado,,,,,,,,A,False,,,,,,,,,,,False,,False,,False,,,,False,,,,,,False,,,,,,,,,False,,True,,,,,,,
717,25,7,G,,4G (Filipinho) - Tarde/Noite,4G,Z,15.0,,,True,,False,,,,,Cursando,Aprovado,Reprovado,,,,,,,,A,False,,,,,,,,,,,False,,False,,False,,,,False,,,,,,False,,,,,,,,,False,,True,,,,,,,
718,25,7,G,,4M (Cipó) - Tarde,4M,T,15.0,,,True,,False,,,,,Cursando,Aprovado,Reprovado,,,,,,,,A,False,,,,,,,,,,,False,,False,,False,,,,False,,,,,,False,,,,,,,,,False,,True,,,,,,,
719,25,7,G,,4N (Cipó) - Manhã,4N,M,15.0,,,True,,False,,,,,Cursando,Aprovado,Reprovado,,,,,,,,A,False,,,,,,,,,,,False,,False,,False,,,,False,,,,,,False,,,,,,,,,False,,True,,,,,,,
720,29,7,G,,6L (Cipó) - Tarde/Noite,6L,Z,15.0,,,True,,False,,,,,Cursando,Aprovado,Reprovado,,,,,,,,A,False,,,,,,,,,,,False,,False,,False,,,,False,,,,,,False,,,,,,,,,False,,True,,,,,,,
721,60,7,G,,9 (Formados) - EAD,9,I,100.0,,,True,,False,,,,,Cursando,Aprovado,Reprovado,,,,,,,,A,False,,,,,,,,,,,False,,False,,False,,,,False,,,,,,False,,,,,,,,,False,,True,,,,,,,
722,54,7,G,,Ecuador - A1 (Centro) - Manhã,A1-Ecuador,M,20.0,,,True,,False,,,,,Cursando,Aprovado,Reprovado,,,,,,,,A,False,,,,,,,,,,,False,,False,,False,,,,False,,,,,,False,,,,,,,,,False,,True,,,,,,,
724,54,7,G,,Turkey - B1(Centro) - Tarde/Noite,B1-Turkey,Z,20.0,,,True,,False,,,,,Cursando,Aprovado,Reprovado,,,,,,,,A,False,,,,,,,,,,,False,,False,,False,,,,False,,,,,,False,,,,,,,,,False,,True,,,,,,,
725,54,7,G,,England - A2 (Cipó) - Tarde,A2 - Engl,T,20.0,,,True,,False,,,,,Cursando,Aprovado,Reprovado,,,,,,,,A,False,,,,,,,,,,,False,,False,,False,,,,False,,,,,,False,,,,,,,,,False,,True,,,,,,,
726,54,7,G,,Qatar - B1 (Cipó) - Tarde,B1-Qatar,T,20.0,,,True,,False,,,,,Cursando,Aprovado,Reprovado,,,,,,,,A,False,,,,,,,,,,,False,,False,,False,,,,False,,,,,,False,,,,,,,,,False,,True,,,,,,,
727,54,7,G,,Jamaica - B2 (Cipó) - Tarde/Noite,B2-Jamaica,Z,20.0,,,True,,False,,,,,Cursando,Aprovado,Reprovado,,,,,,,,A,False,,,,,,,,,,,False,,False,,False,,,,False,,,,,,False,,,,,,,,,False,,True,,,,,,,
728,8,7,G,,1J (Filipinho) - Tarde,1J,M,15.0,,,True,,False,,,,,Cursando,Aprovado,Reprovado,,,,,,,,A,False,,,,,,,,,,,False,,False,,False,,,,False,,,,,,False,,,,,,,,,False,,True,,,,,,,
729,24,7,G,,5C (Centro) - Manhã,5C,M,15.0,,,True,,False,,,,,Cursando,Aprovado,Reprovado,,,,,,,,A,False,,,,,,,,,,,False,,False,,False,,,,False,,,,,,False,,,,,,,,,False,,True,,,,,,,
730,59,7,D,25.0,Eu no Comando - Centro *Manhã,Psicologia,M,35.0,,,True,,False,,,,,Cursando,Aprovado,Reprovado,,,,,,,,A,False,,,,,,,,,,,False,,False,,False,,,,False,,,,,,False,,,,,,,,,False,,True,,,,,,,
731,59,7,D,25.0,Eu no Comando - Cipó *Noite,Psicologia,N,35.0,,,True,,False,,,,,Cursando,Aprovado,Reprovado,,,,,,,,A,False,,,,,,,,,,,False,,False,,False,,,,False,,,,,,False,,,,,,,,,False,,True,,,,,,,
732,18,7,G,,8F (Universitários) - 2024,8F,I,30.0,,,True,,False,,,,,Cursando,Aprovado,Reprovado,,,,,,,,A,False,,,,,,,,,,,False,,False,,False,,,,False,,,,,,False,,,,,,,,,False,,True,,,,,,,
733,54,7,G,,Colombia - A1 (Centro) - Noite,A1-Colomb,N,20.0,,,True,,False,,,,,Cursando,Aprovado,Reprovado,,,,,,,,A,False,,,,,,,,,,,False,,False,,False,,,,False,,,,,,False,,,,,,,,,False,,True,,,,,,,
734,15,7,G,,3H (Filipinho) - Tarde,3H,T,15.0,,,True,,False,,,,,Cursando,Aprovado,Reprovado,,,,,,,,A,False,,,,,,,,,,,False,,False,,False,,,,False,,,,,,False,,,,,,,,,False,,True,,,,,,,
735,54,7,G,,Japan - A1 (Filipinho) - Noite,A1-Japan,N,20.0,,,True,,False,,,,,Cursando,Aprovado,Reprovado,,,,,,,,A,False,,,,,,,,,,,False,,False,,False,,,,False,,,,,,False,,,,,,,,,False,,True,,,,,,,
736,54,7,G,,Russia - A1 (Centro) - Manhã,A1-Russia,M,20.0,,,True,,False,,,,,Cursando,Aprovado,Reprovado,,,,,,,,A,False,,,,,,,,,,,False,,False,,False,,,,False,,,,,,False,,,,,,,,,False,,True,,,,,,,
737,15,7,G,,3U (Cipó) - Manhã,3U,M,15.0,,,True,,False,,,,,Cursando,Aprovado,Reprovado,,,,,,,,A,False,,,,,,,,,,,False,,False,,False,,,,False,,,,,,False,,,,,,,,,False,,True,,,,,,,
738,15,7,G,,3R (Granjinha) - Manhã,3R,M,15.0,,,True,,False,,,,,Cursando,Aprovado,Reprovado,,,,,,,,A,False,,,,,,,,,,,False,,False,,False,,,,False,,,,,,False,,,,,,,,,False,,True,,,,,,,
739,24,7,G,,5N (Cipó) - Manhã,5N,M,15.0,,,True,,False,,,,,Cursando,Aprovado,Reprovado,,,,,,,,A,False,,,,,,,,,,,False,,False,,False,,,,False,,,,,,False,,,,,,,,,False,,True,,,,,,,
740,25,7,G,,4R (Granjinha) - Tarde,4R,T,15.0,,,True,,False,,,,,Cursando,Aprovado,Reprovado,,,,,,,,A,False,,,,,,,,,,,False,,False,,False,,,,False,,,,,,False,,,,,,,,,False,,True,,,,,,,
742,54,7,G,,Portugal - A2 (Cipó) - Noite,A2 -Portug,N,20.0,,,True,,False,,,,,Cursando,Aprovado,Reprovado,,,,,,,,A,False,,,,,,,,,,,False,,False,,False,,,,False,,,,,,False,,,,,,,,,False,,True,,,,,,,
743,24,7,G,,5D (Centro) - Manhã,5D,M,15.0,,,True,,False,,,,,Cursando,Aprovado,Reprovado,,,,,,,,A,False,,,,,,,,,,,False,,False,,False,,,,False,,,,,,False,,,,,,,,,False,,True,,,,,,,
744,24,7,G,,5G (Filipinho) - Manhã,5G,M,15.0,,,True,,False,,,,,Cursando,Aprovado,Reprovado,,,,,,,,A,False,,,,,,,,,,,False,,False,,False,,,,False,,,,,,False,,,,,,,,,False,,True,,,,,,,
745,8,7,G,,1E (Centro) - Tarde,1E,Z,15.0,,,True,,False,,,,,Cursando,Aprovado,Reprovado,,,,,,,,A,False,,,,,,,,,,,False,,False,,False,,,,False,,,,,,False,,,,,,,,,False,,True,,,,,,,
749,38,7,D,18.0,Construindo Sonhos,C. Sonhos,T,30.0,,,True,1.0,False,,,,,Cursando,Aprovado,Reprovado,,,,,,,,A,False,,,,,,,,,,,False,,False,,False,,,,False,,,,,,False,,,,,,,,,False,,True,,,,,,,
754,57,7,G,,Tecnologia - Módulo 1/2 *Manhã,FIAP M1M,M,16.0,,,True,,False,,,,,Cursando,Aprovado,Reprovado,,,,,,,,A,False,,,,,,,,,,,False,,False,,False,,,,False,,,,,,False,,,,,,,,,False,,True,,,,,,,
755,57,7,G,,Tecnologia - Módulo 1/2 *Tarde,FIAP M1T,T,16.0,,,True,,False,,,,,Cursando,Aprovado,Reprovado,,,,,,,,A,False,,,,,,,,,,,False,,False,,False,,,,False,,,,,,False,,,,,,,,,False,,True,,,,,,,
756,57,7,G,,Tecnologia - Módulo 2 *Tarde,FIAP M2T,T,16.0,,,True,,False,,,,,Cursando,Aprovado,Reprovado,,,,,,,,A,False,,,,,,,,,,,False,,False,,False,,,,False,,,,,,False,,,,,,,,,False,,True,,,,,,,
757,57,7,G,,Tecnologia - Módulo 3 *Tarde,FIAP M3T,T,16.0,,,True,,False,,,,,Cursando,Aprovado,Reprovado,,,,,,,,A,False,,,,,,,,,,,False,,False,,False,,,,False,,,,,,False,,,,,,,,,False,,True,,,,,,,
758,57,7,G,,Tecnologia - Módulo 1/2 *Noite,FIAP M1N,N,16.0,,,True,,False,,,,,Cursando,Aprovado,Reprovado,,,,,,,,A,False,,,,,,,,,,,False,,False,,False,,,,False,,,,,,False,,,,,,,,,False,,True,,,,,,,
759,57,7,G,,Tecnologia - Módulo 2 *Noite,FIAP M2N,N,16.0,,,True,,False,,,,,Cursando,Aprovado,Reprovado,,,,,,,,A,False,,,,,,,,,,,False,,False,,False,,,,False,,,,,,False,,,,,,,,,False,,True,,,,,,,
760,54,7,D,5.0,Australia - A1 (Cipó) - Noite,A2-Austral,N,20.0,,,True,,False,,,,,Cursando,Aprovado,Reprovado,,,,,,,,A,False,,,,,,,,,,,False,,False,,False,,,,False,,,,,,False,,,,,,,,,False,,True,,,,,,,
