,Tipo da uva,Nome da uva,Ano,Kilogramas
0,TIN,TINTAS,2007,43653087
1,TINTAS,Alicante Bouschet,2007,1775837
2,TINTAS,Ancelota,2007,1532209
3,TINTAS,Alfrocheiro,2007,20509
4,TINTAS,Arinarnoa,2007,24878
5,TINTAS,Barbera,2007,68946
6,TINTAS,Bonarda,2007,6207
7,TINTAS,Cabernet Franc,2007,4081725
8,TINTAS,Cabernet Sauvignon,2007,14489153
9,TINTAS,Caladoc,2007,1100
10,TINTAS,Carmenere,2007,328254
11,TINTAS,Castelão,2007,487
12,TINTAS,Croatina,2007,4700
13,TINTAS,Dom Felder,2007,17590
14,TINTAS,Egiodola,2007,1265676
15,TINTAS,Franconia,2007,3633
16,TINTAS,Freisa,2007,6727
17,TINTAS,Gamay St Romain,2007,45266
18,TINTAS,Gamay Beaujolais,2007,320115
19,TINTAS,Jaen,2007,215
20,TINTAS,Lagrein,2007,190
21,TINTAS,Lambrusco,2007,96068
22,TINTAS,Malbec,2007,399928
23,TINTAS,Merlot,2007,11399362
24,TINTAS,Marselan,2007,109574
25,TINTAS,Montepulciano,2007,30820
26,TINTAS,Napa Gamay,2007,175040
27,TINTAS,Nebbiolo,2007,13971
28,TINTAS,Petit Verdot,2007,57029
29,TINTAS,Petite Sirah,2007,99577
30,TINTAS,Pinotage,2007,1113861
31,TINTAS,Pinot Noir,2007,1270351
32,TINTAS,Pinot Saint George,2007,72560
33,TINTAS,Rebo,2007,3000
34,TINTAS,Refosco,2007,17415
35,TINTAS,Ruby Cabernet,2007,782800
36,TINTAS,Sangiovese,2007,115475
37,TINTAS,Tannat,2007,3514880
38,TINTAS,Tempranillo,2007,192063
39,TINTAS,Teroldego,2007,61659
40,TINTAS,Tinta Barroca,2007,6520
41,TINTAS,Touriga Nacional,2007,127462
42,TINTAS,Trincdeira,2007,255
43,BRA,BRANCAS E ROSADAS,2007,28254191
44,BRANCAS E ROSADAS,Alvarinho,2007,2477
45,BRANCAS E ROSADAS,Arriloba,2007,22832
46,BRANCAS E ROSADAS,Chardonnay,2007,1752488
47,BRANCAS E ROSADAS,Chasselas,2007,48268
48,BRANCAS E ROSADAS,Chenin Blanc,2007,355185
49,BRANCAS E ROSADAS,Colombard,2007,593625
50,BRANCAS E ROSADAS,Flora,2007,176396
51,BRANCAS E ROSADAS,Garganega,2007,16970
52,BRANCAS E ROSADAS,Gewurztraminer,2007,284818
53,BRANCAS E ROSADAS,Gouveio,2007,5848
54,BRANCAS E ROSADAS,Gros Manseng,2007,5770
55,BRANCAS E ROSADAS,Malvasia Amarela,2007,94281
56,BRANCAS E ROSADAS,Malvasia Bianca,2007,191316
57,BRANCAS E ROSADAS,Malvasia Chianti,2007,15235
58,BRANCAS E ROSADAS,Malvasia Verde,2007,253369
59,BRANCAS E ROSADAS,Malvasia di Candia,2007,283476
60,BRANCAS E ROSADAS,Moscato Branco,2007,15717087
61,BRANCAS E ROSADAS,Moscato Canelli,2007,84053
62,BRANCAS E ROSADAS,Moscato Giallo,2007,1173519
63,BRANCAS E ROSADAS,Moscato Nazareno,2007,616480
64,BRANCAS E ROSADAS,Moscato Bianco R2,2007,406650
65,BRANCAS E ROSADAS,Moscato de Alexandria,2007,51979
66,BRANCAS E ROSADAS,Moscato Rosado,2007,1226
67,BRANCAS E ROSADAS,Peverella,2007,111726
68,BRANCAS E ROSADAS,Pinot Blanc,2007,14620
69,BRANCAS E ROSADAS,Pinot Gris,2007,28779
70,BRANCAS E ROSADAS,Prosecco,2007,910158
71,BRANCAS E ROSADAS,Riesling Italico,2007,1960822
72,BRANCAS E ROSADAS,Riesling Renano,2007,242940
73,BRANCAS E ROSADAS,Sauvignon Blanc(2),2007,618034
74,BRANCAS E ROSADAS,Sauvignon Gris,2007,3213
75,BRANCAS E ROSADAS,Semillon,2007,408016
76,BRANCAS E ROSADAS,Schonburger,2007,15239
77,BRANCAS E ROSADAS,Sylvaner,2007,4693
78,BRANCAS E ROSADAS,Trebbiano,2007,1711643
79,BRANCAS E ROSADAS,Vermentino,2007,660
80,BRANCAS E ROSADAS,Vernaccia,2007,32672
81,BRANCAS E ROSADAS,Viognier,2007,37628
82,TIN,TINTAS,2008,48852574
83,TINTAS,Alicante Bouschet,2008,1588326
84,TINTAS,Ancelota,2008,1709883
85,TINTAS,Alfrocheiro,2008,25310
86,TINTAS,Arinarnoa,2008,12686
87,TINTAS,Barbera,2008,92279
88,TINTAS,Bonarda,2008,7640
89,TINTAS,Cabernet Franc,2008,4008067
90,TINTAS,Cabernet Sauvignon,2008,16646632
91,TINTAS,Carmenere,2008,223269
92,TINTAS,Castelão,2008,23252
93,TINTAS,Corvina,2008,710
94,TINTAS,Egiodola,2008,1366406
95,TINTAS,Ekigaina,2008,1720
96,TINTAS,Gamay St Romain,2008,59576
97,TINTAS,Gamay Beaujolais,2008,316366
98,TINTAS,Jaen,2008,1037
99,TINTAS,Lagrein,2008,420
100,TINTAS,Lambrusco,2008,113388
101,TINTAS,Malbec,2008,414138
102,TINTAS,Merlot,2008,11866618
103,TINTAS,Marselan,2008,181823
104,TINTAS,Molinera,2008,692
105,TINTAS,Montepulciano,2008,34060
106,TINTAS,Napa Gamay,2008,179050
107,TINTAS,Nebbiolo,2008,10019
108,TINTAS,Petit Verdot,2008,50933
109,TINTAS,Petite Sirah,2008,77759
110,TINTAS,Pinotage,2008,1578657
111,TINTAS,Pinot Noir,2008,1930823
112,TINTAS,Pinot Saint George,2008,28170
113,TINTAS,Rebo,2008,7610
114,TINTAS,Refosco,2008,59340
115,TINTAS,Rondinella,2008,668
116,TINTAS,Ruby Cabernet,2008,679484
117,TINTAS,Sangiovese,2008,405224
118,TINTAS,Sira (falsa),2008,14145
119,TINTAS,Tannat,2008,4711255
120,TINTAS,Tempranillo,2008,241017
121,TINTAS,Teroldego,2008,69876
122,TINTAS,Tinta Barroca,2008,12870
123,TINTAS,Touriga Nacional,2008,101376
124,BRA,BRANCAS E ROSADAS,2008,34602464
125,BRANCAS E ROSADAS,Alvarinho,2008,1071
126,BRANCAS E ROSADAS,Arriloba,2008,51380
127,BRANCAS E ROSADAS,Chardonnay,2008,5829449
128,BRANCAS E ROSADAS,Chasselas,2008,58390
129,BRANCAS E ROSADAS,Chenin Blanc,2008,362750
130,BRANCAS E ROSADAS,Colombard,2008,879719
131,BRANCAS E ROSADAS,Flora,2008,176229
132,BRANCAS E ROSADAS,Garganega,2008,8530
133,BRANCAS E ROSADAS,Gewurztraminer,2008,196483
134,BRANCAS E ROSADAS,Gouveio,2008,2090
135,BRANCAS E ROSADAS,Gros Manseng,2008,1800
136,BRANCAS E ROSADAS,Malvasia Amarela,2008,131350
137,BRANCAS E ROSADAS,Malvasia Bianca,2008,325942
138,BRANCAS E ROSADAS,Malvasia Chianti,2008,4730
139,BRANCAS E ROSADAS,Malvasia Verde,2008,289366
140,BRANCAS E ROSADAS,Malvasia di Candia,2008,628749
141,BRANCAS E ROSADAS,Moscato Branco,2008,14744061
142,BRANCAS E ROSADAS,Moscato Canelli,2008,65107
143,BRANCAS E ROSADAS,Moscato Giallo,2008,1122457
144,BRANCAS E ROSADAS,Moscato Nazareno,2008,1035000
145,BRANCAS E ROSADAS,Moscato Bianco R2,2008,430599
146,BRANCAS E ROSADAS,Moscato de Alexandria,2008,85756
147,BRANCAS E ROSADAS,Peverella,2008,103270
148,BRANCAS E ROSADAS,Pinot Blanc,2008,40109
149,BRANCAS E ROSADAS,Pinot Gris,2008,41660
150,BRANCAS E ROSADAS,Prosecco,2008,1930887
151,BRANCAS E ROSADAS,Riesling Italico,2008,2698892
152,BRANCAS E ROSADAS,Riesling Renano,2008,243690
153,BRANCAS E ROSADAS,Sauvignon Blanc(2),2008,608983
154,BRANCAS E ROSADAS,Sauvignon Gris,2008,5534
155,BRANCAS E ROSADAS,Semillon,2008,562371
156,BRANCAS E ROSADAS,Schonburger,2008,17687
157,BRANCAS E ROSADAS,Sylvaner,2008,6587
158,BRANCAS E ROSADAS,Trebbiano,2008,1846212
159,BRANCAS E ROSADAS,Vermentino,2008,3090
160,BRANCAS E ROSADAS,Vernaccia,2008,21146
161,BRANCAS E ROSADAS,Viognier,2008,41338
162,TIN,TINTAS,2009,39148123
163,TINTAS,Alicante Bouschet,2009,1652912
164,TINTAS,Ancelota,2009,1370728
165,TINTAS,Alfrocheiro,2009,31168
166,TINTAS,Arinarnoa,2009,39607
167,TINTAS,Barbera,2009,70932
168,TINTAS,Bonarda,2009,2320
169,TINTAS,Cabernet Franc,2009,3365865
170,TINTAS,Cabernet Sauvignon,2009,13229864
171,TINTAS,Carmenere,2009,130269
172,TINTAS,Castelão,2009,16240
173,TINTAS,Corvina,2009,680
174,TINTAS,Egiodola,2009,1157679
175,TINTAS,Gamay St Romain,2009,38260
176,TINTAS,Gamay Beaujolais,2009,208276
177,TINTAS,Jaen,2009,3642
178,TINTAS,Lagrein,2009,670
179,TINTAS,Lambrusco,2009,111537
180,TINTAS,Malbec,2009,393256
181,TINTAS,Merlot,2009,8876279
182,TINTAS,Marselan,2009,228360
183,TINTAS,Molinera,2009,650
184,TINTAS,Montepulciano,2009,21190
185,TINTAS,Napa Gamay,2009,74640
186,TINTAS,Nebbiolo,2009,14148
187,TINTAS,Petit Verdot,2009,56031
188,TINTAS,Petite Sirah,2009,121525
189,TINTAS,Pinotage,2009,978575
190,TINTAS,Pinot Noir,2009,1387200
191,TINTAS,Pinot Saint George,2009,29180
192,TINTAS,Rebo,2009,4240
193,TINTAS,Refosco,2009,10430
194,TINTAS,Rondinella,2009,648
195,TINTAS,Ruby Cabernet,2009,532095
196,TINTAS,Sangiovese,2009,303438
197,TINTAS,Tannat,2009,4199190
198,TINTAS,Tempranillo,2009,242484
199,TINTAS,Teroldego,2009,105372
200,TINTAS,Tinta Barroca,2009,6710
201,TINTAS,Touriga Nacional,2009,131833
202,BRA,BRANCAS E ROSADAS,2009,32556903
203,BRANCAS E ROSADAS,Alvarinho,2009,1675
204,BRANCAS E ROSADAS,Arriloba,2009,35375
205,BRANCAS E ROSADAS,Chardonnay,2009,4812743
206,BRANCAS E ROSADAS,Chasselas,2009,32425
207,BRANCAS E ROSADAS,Chenin Blanc,2009,347230
208,BRANCAS E ROSADAS,Colombard,2009,717624
209,BRANCAS E ROSADAS,Flora,2009,131760
210,BRANCAS E ROSADAS,Garganega,2009,3170
211,BRANCAS E ROSADAS,Gewurztraminer,2009,155338
212,BRANCAS E ROSADAS,Gouveio,2009,7830
213,BRANCAS E ROSADAS,Gros Manseng,2009,3289
214,BRANCAS E ROSADAS,Italia (Pirovano 65) (PE),2009,2650
215,BRANCAS E ROSADAS,Malvasia Amarela,2009,153905
216,BRANCAS E ROSADAS,Malvasia Bianca,2009,281064
217,BRANCAS E ROSADAS,Malvasia Verde,2009,331718
218,BRANCAS E ROSADAS,Malvasia di Candia,2009,739588
219,BRANCAS E ROSADAS,Moscato Branco,2009,14294841
220,BRANCAS E ROSADAS,Moscato Canelli,2009,61009
221,BRANCAS E ROSADAS,Moscato Giallo,2009,1446926
222,BRANCAS E ROSADAS,Moscato Nazareno,2009,858910
223,BRANCAS E ROSADAS,Moscato Bianco R2,2009,510594
224,BRANCAS E ROSADAS,Moscato de Alexandria,2009,87359
225,BRANCAS E ROSADAS,Peverella,2009,48994
226,BRANCAS E ROSADAS,Pinot Blanc,2009,8030
227,BRANCAS E ROSADAS,Pinot Gris,2009,52000
228,BRANCAS E ROSADAS,Prosecco,2009,2169397
229,BRANCAS E ROSADAS,Riesling Italico,2009,2466530
230,BRANCAS E ROSADAS,Riesling Renano,2009,90530
231,BRANCAS E ROSADAS,Sauvignon Blanc(2),2009,657286
232,BRANCAS E ROSADAS,Sauvignon Gris,2009,2147
233,BRANCAS E ROSADAS,Semillon,2009,382995
234,BRANCAS E ROSADAS,Schonburger,2009,16930
235,BRANCAS E ROSADAS,Sylvaner,2009,492
236,BRANCAS E ROSADAS,Trebbiano,2009,1578176
237,BRANCAS E ROSADAS,Vermentino,2009,1940
238,BRANCAS E ROSADAS,Vernaccia,2009,14498
239,BRANCAS E ROSADAS,Viognier,2009,49935
240,TIN,TINTAS,2010,23633831
241,TINTAS,Alicante Bouschet,2010,849263
242,TINTAS,Ancelota,2010,853718
243,TINTAS,Arinarnoa,2010,35790
244,TINTAS,Barbera,2010,26044
245,TINTAS,Cabernet Franc,2010,2125997
246,TINTAS,Cabernet Sauvignon,2010,6617553
247,TINTAS,Carmenere,2010,85264
248,TINTAS,Castelão,2010,16230
249,TINTAS,Corvina,2010,100
250,TINTAS,Egiodola,2010,845205
251,TINTAS,Franconia,2010,9310
252,TINTAS,Gamay St Romain,2010,44153
253,TINTAS,Gamay Beaujolais,2010,84074
254,TINTAS,Lagrein,2010,5670
255,TINTAS,Lambrusco,2010,68480
256,TINTAS,Malbec,2010,318059
257,TINTAS,Merlot,2010,6179006
258,TINTAS,Marselan,2010,200025
259,TINTAS,Molinera,2010,100
260,TINTAS,Montepulciano,2010,17959
261,TINTAS,Nebbiolo,2010,11986
262,TINTAS,Petit Verdot,2010,109942
263,TINTAS,Petite Sirah,2010,29457
264,TINTAS,Pinotage,2010,644072
265,TINTAS,Pinot Noir,2010,1309849
266,TINTAS,Rebo,2010,1650
267,TINTAS,Refosco,2010,9466
268,TINTAS,Rondinella,2010,100
269,TINTAS,Ruby Cabernet,2010,379720
270,TINTAS,Sangiovese,2010,258484
271,TINTAS,Tannat,2010,2266985
272,TINTAS,Tempranillo,2010,63526
273,TINTAS,Teroldego,2010,68593
274,TINTAS,Touriga Nacional,2010,97629
275,TINTAS,Zinfandel,2010,372
276,BRA,BRANCAS E ROSADAS,2010,22104122
277,BRANCAS E ROSADAS,Alvarinho,2010,1088
278,BRANCAS E ROSADAS,Arriloba,2010,33750
279,BRANCAS E ROSADAS,Chardonnay,2010,3836555
280,BRANCAS E ROSADAS,Chasselas,2010,47099
281,BRANCAS E ROSADAS,Chenin Blanc,2010,73720
282,BRANCAS E ROSADAS,Colombard,2010,479201
283,BRANCAS E ROSADAS,Flora,2010,35860
284,BRANCAS E ROSADAS,Gewurztraminer,2010,105186
285,BRANCAS E ROSADAS,Gouveio,2010,4358
286,BRANCAS E ROSADAS,Gros Manseng,2010,4430
287,BRANCAS E ROSADAS,Italia (Pirovano 65) (PE),2010,2230
288,BRANCAS E ROSADAS,Malvasia Amarela,2010,251587
289,BRANCAS E ROSADAS,Malvasia Bianca,2010,49176
290,BRANCAS E ROSADAS,Malvasia Chianti,2010,2142
291,BRANCAS E ROSADAS,Malvasia Verde,2010,83565
292,BRANCAS E ROSADAS,Malvasia di Candia,2010,649194
293,BRANCAS E ROSADAS,Moscato Branco,2010,8595609
294,BRANCAS E ROSADAS,Moscato Canelli,2010,55811
295,BRANCAS E ROSADAS,Moscato Giallo,2010,1151570
296,BRANCAS E ROSADAS,Moscato Nazareno,2010,690210
297,BRANCAS E ROSADAS,Moscato Bianco R2,2010,317404
298,BRANCAS E ROSADAS,Moscato de Alexandria,2010,41426
299,BRANCAS E ROSADAS,Moscato Rosado,2010,2396
300,BRANCAS E ROSADAS,Ora,2010,4045
301,BRANCAS E ROSADAS,Peverella,2010,28945
302,BRANCAS E ROSADAS,Pinot Blanc,2010,16940
303,BRANCAS E ROSADAS,Pinot Gris,2010,36036
304,BRANCAS E ROSADAS,Prosecco,2010,1345161
305,BRANCAS E ROSADAS,Riesling Italico,2010,2120405
306,BRANCAS E ROSADAS,Riesling Renano,2010,96828
307,BRANCAS E ROSADAS,Sauvignon Blanc(2),2010,350866
308,BRANCAS E ROSADAS,Sauvignon Gris,2010,3629
309,BRANCAS E ROSADAS,Semillon,2010,165518
310,BRANCAS E ROSADAS,Trebbiano,2010,1338957
311,BRANCAS E ROSADAS,Vermentino,2010,560
312,BRANCAS E ROSADAS,Vernaccia,2010,6520
313,BRANCAS E ROSADAS,Viognier,2010,76145
314,TIN,TINTAS,2011,44473588
315,TINTAS,Alicante Bouschet,2011,2130579
316,TINTAS,Ancelota,2011,1346552
317,TINTAS,Alfrocheiro,2011,4320
318,TINTAS,Arinarnoa,2011,49376
319,TINTAS,Aspirant Bouschet,2011,2258
320,TINTAS,Barbera,2011,76397
321,TINTAS,Bonarda,2011,250
322,TINTAS,Cabernet Franc,2011,2741150
323,TINTAS,Cabernet Sauvignon,2011,13039126
324,TINTAS,Carmenere,2011,50125
325,TINTAS,Castelão,2011,26790
326,TINTAS,Corvina,2011,1110
327,TINTAS,Egiodola,2011,1544746
328,TINTAS,Ekigaina,2011,1350
329,TINTAS,Festival (Sugraone),2011,18007
330,TINTAS,Gamay St Romain,2011,20830
331,TINTAS,Gamay Beaujolais,2011,164201
332,TINTAS,Grenache,2011,1180
333,TINTAS,Lagrein,2011,3288
334,TINTAS,Lambrusco,2011,94480
335,TINTAS,Malbec,2011,636608
336,TINTAS,Marzemina,2011,5460
337,TINTAS,Merlot,2011,12510489
338,TINTAS,Marselan,2011,339023
339,TINTAS,Molinera,2011,1080
340,TINTAS,Montepulciano,2011,21115
341,TINTAS,Napa Gamay,2011,31410
342,TINTAS,Nebbiolo,2011,21342
343,TINTAS,Petit Verdot,2011,127549
344,TINTAS,Petite Sirah,2011,98861
345,TINTAS,Pinotage,2011,1075863
346,TINTAS,Pinot Noir,2011,2513274
347,TINTAS,Pinot Saint George,2011,7600
348,TINTAS,Rebo,2011,27620
349,TINTAS,Refosco,2011,18705
350,TINTAS,Rondinella,2011,1150
351,TINTAS,Ruby Cabernet,2011,582497
352,TINTAS,Sangiovese,2011,359833
353,TINTAS,Tannat,2011,4152135
354,TINTAS,Tempranillo,2011,256836
355,TINTAS,Teroldego,2011,179095
356,TINTAS,Touriga Nacional,2011,189928
357,BRA,BRANCAS E ROSADAS,2011,37931015
358,BRANCAS E ROSADAS,Aligote,2011,2640
359,BRANCAS E ROSADAS,Alvarinho,2011,6668
360,BRANCAS E ROSADAS,Arriloba,2011,38390
361,BRANCAS E ROSADAS,Chardonnay,2011,4916344
362,BRANCAS E ROSADAS,Chasselas,2011,29543
363,BRANCAS E ROSADAS,Chenin Blanc,2011,212900
364,BRANCAS E ROSADAS,Clairette(1),2011,949
365,BRANCAS E ROSADAS,Colombard,2011,445104
366,BRANCAS E ROSADAS,Flora,2011,37620
367,BRANCAS E ROSADAS,Gewurztraminer,2011,206833
368,BRANCAS E ROSADAS,Gros Manseng,2011,7220
369,BRANCAS E ROSADAS,Italia (Pirovano 65) (PE),2011,6405
370,BRANCAS E ROSADAS,Malvasia Amarela,2011,107015
371,BRANCAS E ROSADAS,Malvasia Bianca,2011,138608
372,BRANCAS E ROSADAS,Malvasia Verde,2011,60776
373,BRANCAS E ROSADAS,Malvasia di Candia,2011,1727224
374,BRANCAS E ROSADAS,Moscato Branco,2011,16871284
375,BRANCAS E ROSADAS,Moscato Canelli,2011,92887
376,BRANCAS E ROSADAS,Moscato Giallo,2011,1949920
377,BRANCAS E ROSADAS,Moscato Nazareno,2011,882104
378,BRANCAS E ROSADAS,Moscato Bianco R2,2011,808748
379,BRANCAS E ROSADAS,Moscato de Alexandria,2011,105384
380,BRANCAS E ROSADAS,Moscato Rosado,2011,7617
381,BRANCAS E ROSADAS,Peverella,2011,64218
382,BRANCAS E ROSADAS,Pinot Blanc,2011,26307
383,BRANCAS E ROSADAS,Pinot Gris,2011,158788
384,BRANCAS E ROSADAS,Prosecco,2011,2720048
385,BRANCAS E ROSADAS,Riesling Italico,2011,2618429
386,BRANCAS E ROSADAS,Riesling Renano,2011,125166
387,BRANCAS E ROSADAS,Sauvignon Blanc(2),2011,612060
388,BRANCAS E ROSADAS,Sauvignon Gris,2011,8513
389,BRANCAS E ROSADAS,Semillon,2011,312204
390,BRANCAS E ROSADAS,Schonburger,2011,14538
391,BRANCAS E ROSADAS,Sylvaner,2011,1435
392,BRANCAS E ROSADAS,Trebbiano,2011,2439317
393,BRANCAS E ROSADAS,Verdelho,2011,12420
394,BRANCAS E ROSADAS,Vermentino,2011,5480
395,BRANCAS E ROSADAS,Vernaccia,2011,4930
396,BRANCAS E ROSADAS,Viognier,2011,144979
397,TIN,TINTAS,2012,39303313
398,TINTAS,Alicante Bouschet,2012,2098824
399,TINTAS,Ancelota,2012,1274677
400,TINTAS,Arinarnoa,2012,81026
401,TINTAS,Aspirant Bouschet,2012,7448
402,TINTAS,Barbera,2012,47549
403,TINTAS,Bonarda,2012,1114
404,TINTAS,Cabernet Franc,2012,2594675
405,TINTAS,Cabernet Sauvignon,2012,11355820
406,TINTAS,Carmenere,2012,48990
407,TINTAS,Corvina,2012,1200
408,TINTAS,Egiodola,2012,992241
409,TINTAS,Ekigaina,2012,2630
410,TINTAS,Gamay St Romain,2012,10995
411,TINTAS,Gamay Beaujolais,2012,163664
412,TINTAS,Lagrein,2012,800
413,TINTAS,Lambrusco,2012,52740
414,TINTAS,Malbec,2012,629019
415,TINTAS,Merlot,2012,9645204
416,TINTAS,Marselan,2012,261314
417,TINTAS,Molinera,2012,990
418,TINTAS,Montepulciano,2012,27678
419,TINTAS,Napa Gamay,2012,86650
420,TINTAS,Nebbiolo,2012,37530
421,TINTAS,Petit Verdot,2012,102402
422,TINTAS,Petite Sirah,2012,149196
423,TINTAS,Pinotage,2012,863296
424,TINTAS,Pinot Noir,2012,2799071
425,TINTAS,Pinot Saint George,2012,20920
426,TINTAS,Rebo,2012,16440
427,TINTAS,Refosco,2012,12120
428,TINTAS,Rondinella,2012,1020
429,TINTAS,Ruby Cabernet,2012,470683
430,TINTAS,Sangiovese,2012,280756
431,TINTAS,Tannat,2012,4585214
432,TINTAS,Tempranillo,2012,283929
433,TINTAS,Teroldego,2012,157368
434,TINTAS,Torrontes,2012,4300
435,TINTAS,Touriga Nacional,2012,133820
436,BRA,BRANCAS E ROSADAS,2012,36519724
437,BRANCAS E ROSADAS,Alvarinho,2012,5081
438,BRANCAS E ROSADAS,Arriloba,2012,40000
439,BRANCAS E ROSADAS,Chardonnay,2012,6347044
440,BRANCAS E ROSADAS,Chenin Blanc,2012,257090
441,BRANCAS E ROSADAS,Colombard,2012,773273
442,BRANCAS E ROSADAS,Flora,2012,68260
443,BRANCAS E ROSADAS,Gewurztraminer,2012,327678
444,BRANCAS E ROSADAS,Italia (Pirovano 65) (PE),2012,61799
445,BRANCAS E ROSADAS,Malvasia Amarela,2012,115147
446,BRANCAS E ROSADAS,Malvasia Bianca,2012,119122
447,BRANCAS E ROSADAS,Malvasia Verde,2012,10979
448,BRANCAS E ROSADAS,Malvasia di Candia,2012,1825193
449,BRANCAS E ROSADAS,Moscato Branco,2012,13322429
450,BRANCAS E ROSADAS,Moscato Canelli,2012,123255
451,BRANCAS E ROSADAS,Moscato Giallo,2012,1641498
452,BRANCAS E ROSADAS,Moscato Nazareno,2012,633606
453,BRANCAS E ROSADAS,Moscato Bianco R2,2012,618266
454,BRANCAS E ROSADAS,Moscato de Alexandria,2012,184748
455,BRANCAS E ROSADAS,Peverella,2012,43656
456,BRANCAS E ROSADAS,Pinot Blanc,2012,10174
457,BRANCAS E ROSADAS,Pinot Gris,2012,187685
458,BRANCAS E ROSADAS,Prosecco,2012,2420715
459,BRANCAS E ROSADAS,Riesling Italico,2012,3172992
460,BRANCAS E ROSADAS,Riesling Renano,2012,195120
461,BRANCAS E ROSADAS,Sauvignon Blanc(2),2012,855045
462,BRANCAS E ROSADAS,Sauvignon Gris,2012,2854
463,BRANCAS E ROSADAS,Semillon,2012,336252
464,BRANCAS E ROSADAS,Schonburger,2012,21348
465,BRANCAS E ROSADAS,Sylvaner,2012,144
466,BRANCAS E ROSADAS,Trebbiano,2012,2576020
467,BRANCAS E ROSADAS,Verdelho,2012,14339
468,BRANCAS E ROSADAS,Vermentino,2012,4844
469,BRANCAS E ROSADAS,Vernaccia,2012,3780
470,BRANCAS E ROSADAS,Viognier,2012,200288
471,TIN,TINTAS,2013,36855419
472,TINTAS,Alicante Bouschet,2013,1524728
473,TINTAS,Ancelota,2013,1137943
474,TINTAS,Arinarnoa,2013,65001
475,TINTAS,Aspirant Bouschet,2013,3650
476,TINTAS,Barbera,2013,40630
477,TINTAS,Cabernet Franc,2013,2452229
478,TINTAS,Cabernet Sauvignon,2013,10651084
479,TINTAS,Caladoc,2013,2480
480,TINTAS,Carmenere,2013,44414
481,TINTAS,Corvina,2013,1382
482,TINTAS,Egiodola,2013,1059250
483,TINTAS,Ekigaina,2013,1720
484,TINTAS,Gamay St Romain,2013,11615
485,TINTAS,Gamay Beaujolais,2013,135405
486,TINTAS,Lagrein,2013,15300
487,TINTAS,Lambrusco,2013,56120
488,TINTAS,Malbec,2013,590041
489,TINTAS,Merlot,2013,10179782
490,TINTAS,Marselan,2013,345504
491,TINTAS,Molinera,2013,1009
492,TINTAS,Montepulciano,2013,41888
493,TINTAS,Napa Gamay,2013,55550
494,TINTAS,Nebbiolo,2013,9327
495,TINTAS,Petit Verdot,2013,167522
496,TINTAS,Petite Sirah,2013,105934
497,TINTAS,Pinotage,2013,816883
498,TINTAS,Pinot Noir,2013,2392357
499,TINTAS,Pinot Saint George,2013,14120
500,TINTAS,Rebo,2013,19780
501,TINTAS,Refosco,2013,12080
502,TINTAS,Rondinella,2013,1089
503,TINTAS,Ruby Cabernet,2013,526124
504,TINTAS,Sangiovese,2013,277679
505,TINTAS,Tannat,2013,3612439
506,TINTAS,Tempranillo,2013,219163
507,TINTAS,Teroldego,2013,124542
508,TINTAS,Torrontes,2013,3090
509,TINTAS,Touriga Nacional,2013,136565
510,BRA,BRANCAS E ROSADAS,2013,36958341
511,BRANCAS E ROSADAS,Alvarinho,2013,12413
512,BRANCAS E ROSADAS,Arriloba,2013,28829
513,BRANCAS E ROSADAS,Chardonnay,2013,6174156
514,BRANCAS E ROSADAS,Chenin Blanc,2013,264090
515,BRANCAS E ROSADAS,Colombard,2013,673158
516,BRANCAS E ROSADAS,Flora,2013,72410
517,BRANCAS E ROSADAS,Gewurztraminer,2013,239469
518,BRANCAS E ROSADAS,Gros Manseng,2013,4640
519,BRANCAS E ROSADAS,Italia (Pirovano 65) (PE),2013,5671
520,BRANCAS E ROSADAS,Maccabeo,2013,3558
521,BRANCAS E ROSADAS,Malvasia Amarela,2013,519959
522,BRANCAS E ROSADAS,Malvasia Bianca,2013,184949
523,BRANCAS E ROSADAS,Malvasia Chianti,2013,5061
524,BRANCAS E ROSADAS,Malvasia Verde,2013,18690
525,BRANCAS E ROSADAS,Malvasia di Candia,2013,1692882
526,BRANCAS E ROSADAS,Moscato Branco,2013,13136399
527,BRANCAS E ROSADAS,Moscato Canelli,2013,64800
528,BRANCAS E ROSADAS,Moscato Giallo,2013,1813522
529,BRANCAS E ROSADAS,Moscato Nazareno,2013,831206
530,BRANCAS E ROSADAS,Moscato Bianco R2,2013,678267
531,BRANCAS E ROSADAS,Moscato de Alexandria,2013,211532
532,BRANCAS E ROSADAS,Peverella,2013,44137
533,BRANCAS E ROSADAS,Pinot Blanc,2013,8720
534,BRANCAS E ROSADAS,Pinot Gris,2013,126844
535,BRANCAS E ROSADAS,Prosecco,2013,2852648
536,BRANCAS E ROSADAS,Riesling Italico,2013,3069854
537,BRANCAS E ROSADAS,Riesling Renano,2013,99230
538,BRANCAS E ROSADAS,Sauvignon Blanc(2),2013,633633
539,BRANCAS E ROSADAS,Sauvignon Gris,2013,3737
540,BRANCAS E ROSADAS,Semillon,2013,335323
541,BRANCAS E ROSADAS,Schonburger,2013,14087
542,BRANCAS E ROSADAS,Sylvaner,2013,155
543,BRANCAS E ROSADAS,Trebbiano,2013,2876041
544,BRANCAS E ROSADAS,Vermentino,2013,3220
545,BRANCAS E ROSADAS,Vernaccia,2013,7970
546,BRANCAS E ROSADAS,Viognier,2013,247081
547,TIN,TINTAS,2014,29810706
548,TINTAS,Alicante Bouschet,2014,1456305
549,TINTAS,Ancelota,2014,937844
550,TINTAS,Arinarnoa,2014,56666
551,TINTAS,Aspirant Bouschet,2014,7091
552,TINTAS,Barbera,2014,19514
553,TINTAS,Cabernet Franc,2014,1894496
554,TINTAS,Cabernet Sauvignon,2014,8556337
555,TINTAS,Caladoc,2014,3300
556,TINTAS,Carmenere,2014,66632
557,TINTAS,Corvina,2014,1406
558,TINTAS,Egiodola,2014,911280
559,TINTAS,Ekigaina,2014,600
560,TINTAS,Freisa,2014,41403
561,TINTAS,Gamay St Romain,2014,11180
562,TINTAS,Gamay Beaujolais,2014,113038
563,TINTAS,Lagrein,2014,750
564,TINTAS,Lambrusco,2014,29890
565,TINTAS,Malbec,2014,616160
566,TINTAS,Marzemina,2014,4180
567,TINTAS,Merlot,2014,7846034
568,TINTAS,Marselan,2014,404323
569,TINTAS,Molinera,2014,1023
570,TINTAS,Montepulciano,2014,26280
571,TINTAS,Napa Gamay,2014,16380
572,TINTAS,Nebbiolo,2014,7223
573,TINTAS,Petit Verdot,2014,75010
574,TINTAS,Petite Sirah,2014,47834
575,TINTAS,Pinotage,2014,479202
576,TINTAS,Pinot Noir,2014,2592701
577,TINTAS,Pinot Saint George,2014,2480
578,TINTAS,Rebo,2014,13420
579,TINTAS,Refosco,2014,13240
580,TINTAS,Rondinella,2014,1053
581,TINTAS,Ruby Cabernet,2014,486527
582,TINTAS,Sangiovese,2014,122632
583,TINTAS,Tannat,2014,2644014
584,TINTAS,Tempranillo,2014,119398
585,TINTAS,Teroldego,2014,87820
586,TINTAS,Torrontes,2014,9580
587,TINTAS,Touriga Nacional,2014,86460
588,BRA,BRANCAS E ROSADAS,2014,35769155
589,BRANCAS E ROSADAS,Alvarinho,2014,16147
590,BRANCAS E ROSADAS,Arriloba,2014,31140
591,BRANCAS E ROSADAS,Chardonnay,2014,5821514
592,BRANCAS E ROSADAS,Chenin Blanc,2014,146760
593,BRANCAS E ROSADAS,Colombard,2014,563589
594,BRANCAS E ROSADAS,Flora,2014,45240
595,BRANCAS E ROSADAS,Gewurztraminer,2014,162083
596,BRANCAS E ROSADAS,Gros Manseng,2014,4830
597,BRANCAS E ROSADAS,Italia (Pirovano 65) (PE),2014,40230
598,BRANCAS E ROSADAS,Malvasia Amarela,2014,149663
599,BRANCAS E ROSADAS,Malvasia Bianca,2014,414603
600,BRANCAS E ROSADAS,Malvasia Chianti,2014,7632
601,BRANCAS E ROSADAS,Malvasia Verde,2014,8825
602,BRANCAS E ROSADAS,Malvasia di Candia,2014,1888539
603,BRANCAS E ROSADAS,Moscato Branco,2014,12669980
604,BRANCAS E ROSADAS,Moscato Canelli,2014,85785
605,BRANCAS E ROSADAS,Moscato Giallo,2014,1742605
606,BRANCAS E ROSADAS,Moscato Nazareno,2014,886808
607,BRANCAS E ROSADAS,Moscato Bianco R2,2014,770265
608,BRANCAS E ROSADAS,Moscato de Alexandria,2014,160290
609,BRANCAS E ROSADAS,Peverella,2014,28452
610,BRANCAS E ROSADAS,Pinot Blanc,2014,5980
611,BRANCAS E ROSADAS,Pinot Gris,2014,118123
612,BRANCAS E ROSADAS,Prosecco,2014,3030347
613,BRANCAS E ROSADAS,Riesling Italico,2014,2705224
614,BRANCAS E ROSADAS,Riesling Renano,2014,94276
615,BRANCAS E ROSADAS,Sauvignon Blanc(2),2014,515939
616,BRANCAS E ROSADAS,Sauvignon Gris,2014,921
617,BRANCAS E ROSADAS,Semillon,2014,149939
618,BRANCAS E ROSADAS,Schonburger,2014,5194
619,BRANCAS E ROSADAS,Trebbiano,2014,3342859
620,BRANCAS E ROSADAS,Vermentino,2014,1890
621,BRANCAS E ROSADAS,Vernaccia,2014,4150
622,BRANCAS E ROSADAS,Viognier,2014,149333
623,TIN,TINTAS,2015,29935627
624,TINTAS,Alicante Bouschet,2015,1519576
625,TINTAS,Ancelota,2015,773526
626,TINTAS,Arinarnoa,2015,61817
627,TINTAS,Aspirant Bouschet,2015,8859
628,TINTAS,Barbera,2015,19980
629,TINTAS,Cabernet Franc,2015,1981004
630,TINTAS,Cabernet Sauvignon,2015,7426634
631,TINTAS,Caladoc,2015,4000
632,TINTAS,Carmenere,2015,134180
633,TINTAS,Corvina,2015,1397
634,TINTAS,Egiodola,2015,1053654
635,TINTAS,Ekigaina,2015,1090
636,TINTAS,Freisa,2015,24452
637,TINTAS,Gamay St Romain,2015,31935
638,TINTAS,Gamay Beaujolais,2015,121516
639,TINTAS,Lagrein,2015,1400
640,TINTAS,Lambrusco,2015,39990
641,TINTAS,Malbec,2015,624096
642,TINTAS,Marzemina,2015,750
643,TINTAS,Merlot,2015,8030882
644,TINTAS,Marselan,2015,411105
645,TINTAS,Molinera,2015,1080
646,TINTAS,Montepulciano,2015,25640
647,TINTAS,Napa Gamay,2015,8970
648,TINTAS,Nebbiolo,2015,12754
649,TINTAS,Petit Verdot,2015,135770
650,TINTAS,Petite Sirah,2015,48483
651,TINTAS,Pinotage,2015,560195
652,TINTAS,Pinot Noir,2015,3125882
653,TINTAS,Rebo,2015,22290
654,TINTAS,Refosco,2015,9310
655,TINTAS,Rondinella,2015,1110
656,TINTAS,Ruby Cabernet,2015,388019
657,TINTAS,Sangiovese,2015,135962
658,TINTAS,Tannat,2015,2761604
659,TINTAS,Tempranillo,2015,182579
660,TINTAS,Teroldego,2015,97455
661,TINTAS,Torrontes,2015,10070
662,TINTAS,Touriga Nacional,2015,136611
663,BRA,BRANCAS E ROSADAS,2015,40130577
664,BRANCAS E ROSADAS,Alvarinho,2015,9860
665,BRANCAS E ROSADAS,Arriloba,2015,34120
666,BRANCAS E ROSADAS,Chardonnay,2015,7253167
667,BRANCAS E ROSADAS,Chenin Blanc,2015,173321
668,BRANCAS E ROSADAS,Colombard,2015,512199
669,BRANCAS E ROSADAS,Flora,2015,25090
670,BRANCAS E ROSADAS,Gewurztraminer,2015,207303
671,BRANCAS E ROSADAS,Gros Manseng,2015,7410
672,BRANCAS E ROSADAS,Italia (Pirovano 65) (PE),2015,37820
673,BRANCAS E ROSADAS,Maccabeo,2015,17670
674,BRANCAS E ROSADAS,Malvasia Amarela,2015,119930
675,BRANCAS E ROSADAS,Malvasia Bianca,2015,602081
676,BRANCAS E ROSADAS,Malvasia Verde,2015,5108
677,BRANCAS E ROSADAS,Malvasia di Candia,2015,2512864
678,BRANCAS E ROSADAS,Moscato Branco,2015,12788740
679,BRANCAS E ROSADAS,Moscato Canelli,2015,72462
680,BRANCAS E ROSADAS,Moscato Giallo,2015,1785956
681,BRANCAS E ROSADAS,Moscato Nazareno,2015,886075
682,BRANCAS E ROSADAS,Moscato Bianco R2,2015,863910
683,BRANCAS E ROSADAS,Moscato de Alexandria,2015,192945
684,BRANCAS E ROSADAS,Peverella,2015,40719
685,BRANCAS E ROSADAS,Pinot Blanc,2015,7218
686,BRANCAS E ROSADAS,Pinot Gris,2015,118118
687,BRANCAS E ROSADAS,Prosecco,2015,3319779
688,BRANCAS E ROSADAS,Riesling Italico,2015,3468606
689,BRANCAS E ROSADAS,Riesling Renano,2015,153605
690,BRANCAS E ROSADAS,Sauvignon Blanc(2),2015,614222
691,BRANCAS E ROSADAS,Sauvignon Gris,2015,1504
692,BRANCAS E ROSADAS,Semillon,2015,177672
693,BRANCAS E ROSADAS,Trebbiano,2015,3830336
694,BRANCAS E ROSADAS,Vermentino,2015,790
695,BRANCAS E ROSADAS,Vernaccia,2015,4760
696,BRANCAS E ROSADAS,Viognier,2015,285217
697,TIN,TINTAS,2016,13370866
698,TINTAS,Alicante Bouschet,2016,908841
699,TINTAS,Ancelota,2016,179028
700,TINTAS,Arinarnoa,2016,17691
701,TINTAS,Aspirant Bouschet,2016,12901
702,TINTAS,Barbera,2016,14738
703,TINTAS,Cabernet Franc,2016,820996
704,TINTAS,Cabernet Sauvignon,2016,3877852
705,TINTAS,Caladoc,2016,2180
706,TINTAS,Carmenere,2016,87402
707,TINTAS,Corvina,2016,419
708,TINTAS,Egiodola,2016,519874
709,TINTAS,Gamay Beaujolais,2016,45952
710,TINTAS,Lambrusco,2016,19784
711,TINTAS,Malbec,2016,267885
712,TINTAS,Merlot,2016,3286035
713,TINTAS,Marselan,2016,205095
714,TINTAS,Molinera,2016,324
715,TINTAS,Montepulciano,2016,13330
716,TINTAS,Nebbiolo,2016,3117
717,TINTAS,Petit Verdot,2016,116266
718,TINTAS,Petite Sirah,2016,24564
719,TINTAS,Pinotage,2016,119773
720,TINTAS,Pinot Noir,2016,1279105
721,TINTAS,Rebo,2016,12470
722,TINTAS,Refosco,2016,3260
723,TINTAS,Rondinella,2016,333
724,TINTAS,Ruby Cabernet,2016,220231
725,TINTAS,Sangiovese,2016,26601
726,TINTAS,Tannat,2016,985207
727,TINTAS,Tempranillo,2016,210551
728,TINTAS,Teroldego,2016,34019
729,TINTAS,Torrontes,2016,1490
730,TINTAS,Touriga Nacional,2016,53552
731,BRA,BRANCAS E ROSADAS,2016,18769366
732,BRANCAS E ROSADAS,Alvarinho,2016,16369
733,BRANCAS E ROSADAS,Arriloba,2016,17070
734,BRANCAS E ROSADAS,Chardonnay,2016,3070142
735,BRANCAS E ROSADAS,Chenin Blanc,2016,60580
736,BRANCAS E ROSADAS,Colombard,2016,201659
737,BRANCAS E ROSADAS,Flora,2016,1050
738,BRANCAS E ROSADAS,Gewurztraminer,2016,85385
739,BRANCAS E ROSADAS,Malvasia Amarela,2016,10100
740,BRANCAS E ROSADAS,Malvasia Bianca,2016,217177
741,BRANCAS E ROSADAS,Malvasia Chianti,2016,1314
742,BRANCAS E ROSADAS,Malvasia Verde,2016,2460
743,BRANCAS E ROSADAS,Malvasia di Candia,2016,1268750
744,BRANCAS E ROSADAS,Moscato Branco,2016,6068181
745,BRANCAS E ROSADAS,Moscato Canelli,2016,30378
746,BRANCAS E ROSADAS,Moscato Giallo,2016,813952
747,BRANCAS E ROSADAS,Moscato Nazareno,2016,361638
748,BRANCAS E ROSADAS,Moscato Bianco R2,2016,257647
749,BRANCAS E ROSADAS,Moscato de Alexandria,2016,53037
750,BRANCAS E ROSADAS,Peverella,2016,5557
751,BRANCAS E ROSADAS,Pinot Gris,2016,67394
752,BRANCAS E ROSADAS,Prosecco,2016,1873735
753,BRANCAS E ROSADAS,Riesling Italico,2016,1697248
754,BRANCAS E ROSADAS,Riesling Renano,2016,53550
755,BRANCAS E ROSADAS,Sauvignon Blanc(2),2016,295942
756,BRANCAS E ROSADAS,Semillon,2016,57635
757,BRANCAS E ROSADAS,Trebbiano,2016,2083491
758,BRANCAS E ROSADAS,Trebbiano Toscano,2016,2694
759,BRANCAS E ROSADAS,Viognier,2016,95231
760,TIN,TINTAS,2017,32850915
761,TINTAS,Alicante Bouschet,2017,2040198
762,TINTAS,Ancelota,2017,733907
763,TINTAS,Arinarnoa,2017,69757
764,TINTAS,Aspirant Bouschet,2017,18086
765,TINTAS,Barbera,2017,24218
766,TINTAS,Cabernet Franc,2017,2116893
767,TINTAS,Cabernet Sauvignon,2017,7242258
768,TINTAS,Caladoc,2017,8500
769,TINTAS,Carmenere,2017,69275
770,TINTAS,Corvina,2017,1890
771,TINTAS,Cinsaut,2017,3430
772,TINTAS,Egiodola,2017,1567341
773,TINTAS,Ekigaina,2017,1340
774,TINTAS,Freisa,2017,22610
775,TINTAS,Gamay St Romain,2017,12835
776,TINTAS,Gamay Beaujolais,2017,150331
777,TINTAS,Lagrein,2017,1430
778,TINTAS,Lambrusco,2017,61779
779,TINTAS,Malbec,2017,740327
780,TINTAS,Merlot,2017,8309646
781,TINTAS,Marselan,2017,385945
782,TINTAS,Molinera,2017,1480
783,TINTAS,Montepulciano,2017,28008
784,TINTAS,Nebbiolo,2017,5494
785,TINTAS,Petit Verdot,2017,230640
786,TINTAS,Petite Sirah,2017,92818
787,TINTAS,Pinotage,2017,474105
788,TINTAS,Pinot Noir,2017,3676000
789,TINTAS,Rebo,2017,44440
790,TINTAS,Refosco,2017,5240
791,TINTAS,Rondinella,2017,1899
792,TINTAS,Ruby Cabernet,2017,382994
793,TINTAS,Sangiovese,2017,89404
794,TINTAS,Tannat,2017,3668851
795,TINTAS,Tempranillo,2017,357637
796,TINTAS,Teroldego,2017,87034
797,TINTAS,Torrontes,2017,14630
798,TINTAS,Touriga Nacional,2017,108245
799,BRA,BRANCAS E ROSADAS,2017,44058213
800,BRANCAS E ROSADAS,Alvarinho,2017,41225
801,BRANCAS E ROSADAS,Arriloba,2017,5280
802,BRANCAS E ROSADAS,Chardonnay,2017,7856910
803,BRANCAS E ROSADAS,Chenin Blanc,2017,266524
804,BRANCAS E ROSADAS,Colombard,2017,535573
805,BRANCAS E ROSADAS,Flora,2017,5810
806,BRANCAS E ROSADAS,Gewurztraminer,2017,223350
807,BRANCAS E ROSADAS,Gros Manseng,2017,5680
808,BRANCAS E ROSADAS,Italia (Pirovano 65) (PE),2017,180
809,BRANCAS E ROSADAS,Malvasia Amarela,2017,44445
810,BRANCAS E ROSADAS,Malvasia Bianca,2017,629101
811,BRANCAS E ROSADAS,Malvasia Verde,2017,10457
812,BRANCAS E ROSADAS,Malvasia di Candia,2017,2785543
813,BRANCAS E ROSADAS,Moscato Branco,2017,14475142
814,BRANCAS E ROSADAS,Moscato Canelli,2017,57083
815,BRANCAS E ROSADAS,Moscato Giallo,2017,2091933
816,BRANCAS E ROSADAS,Moscato Nazareno,2017,890655
817,BRANCAS E ROSADAS,Moscato Bianco R2,2017,868260
818,BRANCAS E ROSADAS,Moscato de Alexandria,2017,115910
819,BRANCAS E ROSADAS,Peverella,2017,16350
820,BRANCAS E ROSADAS,Pinot Gris,2017,165697
821,BRANCAS E ROSADAS,Prosecco,2017,3342655
822,BRANCAS E ROSADAS,Riesling Italico,2017,4283929
823,BRANCAS E ROSADAS,Riesling Renano,2017,105100
824,BRANCAS E ROSADAS,Sauvignon Blanc(2),2017,677028
825,BRANCAS E ROSADAS,Semillon,2017,188211
826,BRANCAS E ROSADAS,Schonburger,2017,7454
827,BRANCAS E ROSADAS,Trebbiano,2017,3892478
828,BRANCAS E ROSADAS,Trebbiano Toscano,2017,100047
829,BRANCAS E ROSADAS,Vernaccia,2017,5100
830,BRANCAS E ROSADAS,Viognier,2017,365103
831,TIN,TINTAS,2018,26868514
832,TINTAS,Alicante Bouschet,2018,2103844
833,TINTAS,Ancelota,2018,492106
834,TINTAS,Arinarnoa,2018,44775
835,TINTAS,Aspirant Bouschet,2018,12830
836,TINTAS,Barbera,2018,21863
837,TINTAS,Cabernet Franc,2018,1524191
838,TINTAS,Cabernet Sauvignon,2018,6004627
839,TINTAS,Caladoc,2018,4740
840,TINTAS,Carmenere,2018,241808
841,TINTAS,Egiodola,2018,1047960
842,TINTAS,Ekigaina,2018,2070
843,TINTAS,Freisa,2018,14020
844,TINTAS,Gamay St Romain,2018,12675
845,TINTAS,Gamay Beaujolais,2018,152384
846,TINTAS,Lagrein,2018,2700
847,TINTAS,Lambrusco,2018,44511
848,TINTAS,Malbec,2018,628780
849,TINTAS,Merlot,2018,6257492
850,TINTAS,Marselan,2018,384278
851,TINTAS,Molinera,2018,1900
852,TINTAS,Montepulciano,2018,23306
853,TINTAS,Moscato Bailey,2018,152136
854,TINTAS,Nebbiolo,2018,9236
855,TINTAS,Petit Verdot,2018,83552
856,TINTAS,Petite Sirah,2018,110361
857,TINTAS,Pinotage,2018,398794
858,TINTAS,Pinot Noir,2018,3240209
859,TINTAS,Rebo,2018,94480
860,TINTAS,Refosco,2018,7320
861,TINTAS,Rondinella,2018,1990
862,TINTAS,Ruby Cabernet,2018,248992
863,TINTAS,Sangiovese,2018,63832
864,TINTAS,Tannat,2018,2940306
865,TINTAS,Tempranillo,2018,278456
866,TINTAS,Teroldego,2018,77625
867,TINTAS,Torrontes,2018,16350
868,TINTAS,Touriga Nacional,2018,122015
869,BRA,BRANCAS E ROSADAS,2018,38722156
870,BRANCAS E ROSADAS,Alvarinho,2018,32647
871,BRANCAS E ROSADAS,Arriloba,2018,2580
872,BRANCAS E ROSADAS,Chardonnay,2018,6068902
873,BRANCAS E ROSADAS,Chenin Blanc,2018,387360
874,BRANCAS E ROSADAS,Colombard,2018,522866
875,BRANCAS E ROSADAS,Flora,2018,2060
876,BRANCAS E ROSADAS,Gewurztraminer,2018,208171
877,BRANCAS E ROSADAS,Gros Manseng,2018,2430
878,BRANCAS E ROSADAS,Italia (Pirovano 65) (PE),2018,2942
879,BRANCAS E ROSADAS,Malvasia Amarela,2018,52936
880,BRANCAS E ROSADAS,Malvasia Bianca,2018,574521
881,BRANCAS E ROSADAS,Malvasia Verde,2018,15220
882,BRANCAS E ROSADAS,Malvasia di Candia,2018,2557871
883,BRANCAS E ROSADAS,Moscato Branco,2018,11202231
884,BRANCAS E ROSADAS,Moscato Canelli,2018,121008
885,BRANCAS E ROSADAS,Moscato Giallo,2018,1590531
886,BRANCAS E ROSADAS,Moscato Nazareno,2018,639810
887,BRANCAS E ROSADAS,Moscato Bianco R2,2018,867445
888,BRANCAS E ROSADAS,Moscato de Alexandria,2018,95647
889,BRANCAS E ROSADAS,Muscat à Petits Grains,2018,3000
890,BRANCAS E ROSADAS,Petit Manseng,2018,1430
891,BRANCAS E ROSADAS,Peverella,2018,33439
892,BRANCAS E ROSADAS,Pinot Blanc,2018,17028
893,BRANCAS E ROSADAS,Pinot Gris,2018,98728
894,BRANCAS E ROSADAS,Prosecco,2018,4018371
895,BRANCAS E ROSADAS,Riesling Italico,2018,3724926
896,BRANCAS E ROSADAS,Riesling Renano,2018,121020
897,BRANCAS E ROSADAS,Sauvignon Blanc(2),2018,517760
898,BRANCAS E ROSADAS,Semillon,2018,225952
899,BRANCAS E ROSADAS,Schonburger,2018,14354
900,BRANCAS E ROSADAS,Trebbiano,2018,4504485
901,BRANCAS E ROSADAS,Trebbiano Toscano,2018,18110
902,BRANCAS E ROSADAS,Verdelho,2018,1800
903,BRANCAS E ROSADAS,Vernaccia,2018,4020
904,BRANCAS E ROSADAS,Viognier,2018,470555
905,TIN,TINTAS,2019,0
906,TINTAS,Alicante Bouschet,2019,0
907,TINTAS,Ancelota,2019,0
908,TINTAS,Aramon,2019,0
909,TINTAS,Alfrocheiro,2019,0
910,TINTAS,Arinarnoa,2019,0
911,TINTAS,Aspirant Bouschet,2019,0
912,TINTAS,Barbera,2019,0
913,TINTAS,Bonarda,2019,0
914,TINTAS,Cabernet Franc,2019,0
915,TINTAS,Cabernet Sauvignon,2019,0
916,TINTAS,Caladoc,2019,0
917,TINTAS,Campanario,2019,0
918,TINTAS,Canaiolo,2019,0
919,TINTAS,Carignan,2019,0
920,TINTAS,Carmenere,2019,0
921,TINTAS,Castelão,2019,0
922,TINTAS,Corvina,2019,0
923,TINTAS,Croatina,2019,0
924,TINTAS,Cinsaut,2019,0
925,TINTAS,Dom Felder,2019,0
926,TINTAS,Dolcetto,2019,0
927,TINTAS,Durif,2019,0
928,TINTAS,Egiodola,2019,0
929,TINTAS,Ekigaina,2019,0
930,TINTAS,Festival (Sugraone),2019,0
931,TINTAS,Franconia,2019,0
932,TINTAS,Freisa,2019,0
933,TINTAS,Gamay St Romain,2019,0
934,TINTAS,Gamay Beaujolais,2019,0
935,TINTAS,Grand Noir,2019,0
936,TINTAS,Grenache,2019,0
937,TINTAS,Jaen,2019,0
938,TINTAS,Lagrein,2019,0
939,TINTAS,Lambrusco,2019,0
940,TINTAS,Malbec,2019,0
941,TINTAS,Marzemina,2019,0
942,TINTAS,Merlot,2019,0
943,TINTAS,Marselan,2019,0
944,TINTAS,Molinera,2019,0
945,TINTAS,Montepulciano,2019,0
946,TINTAS,Moscato Bailey,2019,0
947,TINTAS,Napa Gamay,2019,0
948,TINTAS,Nebbiolo,2019,0
949,TINTAS,Petit Verdot,2019,0
950,TINTAS,Petite Sirah,2019,0
951,TINTAS,Pinotage,2019,0
952,TINTAS,Pinot Noir,2019,0
953,TINTAS,Pinot Saint George,2019,0
954,TINTAS,Piriquita,2019,0
955,TINTAS,Rebo,2019,0
956,TINTAS,Refosco,2019,0
957,TINTAS,Rondinella,2019,0
958,TINTAS,Ruby Cabernet,2019,0
959,TINTAS,Sangiovese,2019,0
960,TINTAS,Sira (falsa),2019,0
961,TINTAS,Tannat,2019,0
962,TINTAS,Tempranillo,2019,0
963,TINTAS,Teroldego,2019,0
964,TINTAS,Torrontes,2019,0
965,TINTAS,Tinta Barroca,2019,0
966,TINTAS,Touriga Francesa,2019,0
967,TINTAS,Touriga Nacional,2019,0
968,TINTAS,Tinta Madeira,2019,0
969,TINTAS,Tintoria,2019,0
970,TINTAS,Trincdeira,2019,0
971,TINTAS,Trousseau,2019,0
972,TINTAS,Zinfandel,2019,0
973,TINTAS,Outras1,2019,0
974,BRA,BRANCAS E ROSADAS,2019,0
975,BRANCAS E ROSADAS,Aliatico,2019,0
976,BRANCAS E ROSADAS,Aligote,2019,0
977,BRANCAS E ROSADAS,Altesse,2019,0
978,BRANCAS E ROSADAS,Alvarinho,2019,0
979,BRANCAS E ROSADAS,Arriloba,2019,0
980,BRANCAS E ROSADAS,Auxerrois,2019,0
981,BRANCAS E ROSADAS,Burger,2019,0
982,BRANCAS E ROSADAS,Chardonnay,2019,0
983,BRANCAS E ROSADAS,Chasselas,2019,0
984,BRANCAS E ROSADAS,Chenin Blanc,2019,0
985,BRANCAS E ROSADAS,Clairette(1),2019,0
986,BRANCAS E ROSADAS,Colombard,2019,0
987,BRANCAS E ROSADAS,Flora,2019,0
988,BRANCAS E ROSADAS,Garganega,2019,0
989,BRANCAS E ROSADAS,Gewurztraminer,2019,0
990,BRANCAS E ROSADAS,Gouveio,2019,0
991,BRANCAS E ROSADAS,Gros Manseng,2019,0
992,BRANCAS E ROSADAS,Italia (Pirovano 65) (PE),2019,0
993,BRANCAS E ROSADAS,Maccabeo,2019,0
994,BRANCAS E ROSADAS,Malvasia,2019,0
995,BRANCAS E ROSADAS,Malvasia Amarela,2019,0
996,BRANCAS E ROSADAS,Malvasia Bianca,2019,0
997,BRANCAS E ROSADAS,Malvasia Chianti,2019,0
998,BRANCAS E ROSADAS,Malvasia Verde,2019,0
999,BRANCAS E ROSADAS,Malvasia di Candia,2019,0
1000,BRANCAS E ROSADAS,Malvasia Istriana,2019,0
1001,BRANCAS E ROSADAS,Mistura de uvas viníferas branco,2019,0
1002,BRANCAS E ROSADAS,Mistura de uvas viníferas rosado,2019,0
1003,BRANCAS E ROSADAS,Moscato Branco,2019,0
1004,BRANCAS E ROSADAS,Moscato Canelli,2019,0
1005,BRANCAS E ROSADAS,Moscato Giallo,2019,0
1006,BRANCAS E ROSADAS,Moscato Nazareno,2019,0
1007,BRANCAS E ROSADAS,Moscato Bianco R2,2019,0
1008,BRANCAS E ROSADAS,Moscato de Alexandria,2019,0
1009,BRANCAS E ROSADAS,Moscato Rosado,2019,0
1010,BRANCAS E ROSADAS,Muscat à Petits Grains,2019,0
1011,BRANCAS E ROSADAS,Muller Thurgau,2019,0
1012,BRANCAS E ROSADAS,Muscadelle,2019,0
1013,BRANCAS E ROSADAS,Ora,2019,0
1014,BRANCAS E ROSADAS,Palomino,2019,0
1015,BRANCAS E ROSADAS,Petit Manseng,2019,0
1016,BRANCAS E ROSADAS,Peverella,2019,0
1017,BRANCAS E ROSADAS,Pinot Blanc,2019,0
1018,BRANCAS E ROSADAS,Pinot Gris,2019,0
1019,BRANCAS E ROSADAS,Prosecco,2019,0
1020,BRANCAS E ROSADAS,Red Veltliner,2019,0
1021,BRANCAS E ROSADAS,Riesling Italico,2019,0
1022,BRANCAS E ROSADAS,Riesling Renano,2019,0
1023,BRANCAS E ROSADAS,Sauvignon Blanc(2),2019,0
1024,BRANCAS E ROSADAS,Sauvignon Gris,2019,0
1025,BRANCAS E ROSADAS,Seara Nova,2019,0
1026,BRANCAS E ROSADAS,Semillon,2019,0
1027,BRANCAS E ROSADAS,Schonburger,2019,0
1028,BRANCAS E ROSADAS,Sylvaner,2019,0
1029,BRANCAS E ROSADAS,Tocai Friulano,2019,0
1030,BRANCAS E ROSADAS,Trebbiano,2019,0
1031,BRANCAS E ROSADAS,Trebbiano Toscano,2019,0
1032,BRANCAS E ROSADAS,Verdea,2019,0
1033,BRANCAS E ROSADAS,Verdelho,2019,0
1034,BRANCAS E ROSADAS,Verdiso,2019,0
1035,BRANCAS E ROSADAS,Vermentino,2019,0
1036,BRANCAS E ROSADAS,Vernaccia,2019,0
1037,BRANCAS E ROSADAS,Viognier,2019,0
1038,BRANCAS E ROSADAS,Outras(3),2019,0
1039,TIN,TINTAS,2020,28003505
1040,TINTAS,Alicante Bouschet,2020,2272985
1041,TINTAS,Ancelota,2020,481402
1042,TINTAS,Arinarnoa,2020,90860
1043,TINTAS,Aspirant Bouschet,2020,34513
1044,TINTAS,Barbera,2020,12349
1045,TINTAS,Cabernet Franc,2020,1506219
1046,TINTAS,Cabernet Sauvignon,2020,5889427
1047,TINTAS,Caladoc,2020,5230
1048,TINTAS,Carmenere,2020,184268
1049,TINTAS,Corvina,2020,2220
1050,TINTAS,Egiodola,2020,1067591
1051,TINTAS,Ekigaina,2020,1990
1052,TINTAS,Freisa,2020,25330
1053,TINTAS,Gamay Beaujolais,2020,143278
1054,TINTAS,Grenache,2020,1130
1055,TINTAS,Lagrein,2020,3020
1056,TINTAS,Lambrusco,2020,29320
1057,TINTAS,Malbec,2020,493966
1058,TINTAS,Merlot,2020,6010486
1059,TINTAS,Marselan,2020,449156
1060,TINTAS,Molinera,2020,2198
1061,TINTAS,Montepulciano,2020,22968
1062,TINTAS,Moscato Bailey,2020,206348
1063,TINTAS,Nebbiolo,2020,8642
1064,TINTAS,Petit Verdot,2020,228503
1065,TINTAS,Petite Sirah,2020,174949
1066,TINTAS,Pinotage,2020,302532
1067,TINTAS,Pinot Noir,2020,3588106
1068,TINTAS,Rebo,2020,177172
1069,TINTAS,Rondinella,2020,2340
1070,TINTAS,Ruby Cabernet,2020,218783
1071,TINTAS,Sangiovese,2020,85292
1072,TINTAS,Tannat,2020,3571972
1073,TINTAS,Tempranillo,2020,442330
1074,TINTAS,Teroldego,2020,106764
1075,TINTAS,Torrontes,2020,9700
1076,TINTAS,Touriga Nacional,2020,150166
1077,BRA,BRANCAS E ROSADAS,2020,41004206
1078,BRANCAS E ROSADAS,Alvarinho,2020,46574
1079,BRANCAS E ROSADAS,Arriloba,2020,2940
1080,BRANCAS E ROSADAS,Chardonnay,2020,6514864
1081,BRANCAS E ROSADAS,Chenin Blanc,2020,465377
1082,BRANCAS E ROSADAS,Colombard,2020,467614
1083,BRANCAS E ROSADAS,Garganega,2020,540
1084,BRANCAS E ROSADAS,Gewurztraminer,2020,192058
1085,BRANCAS E ROSADAS,Gros Manseng,2020,6296
1086,BRANCAS E ROSADAS,Italia (Pirovano 65) (PE),2020,200
1087,BRANCAS E ROSADAS,Malvasia Amarela,2020,24440
1088,BRANCAS E ROSADAS,Malvasia Bianca,2020,494343
1089,BRANCAS E ROSADAS,Malvasia Verde,2020,26597
1090,BRANCAS E ROSADAS,Malvasia di Candia,2020,3389071
1091,BRANCAS E ROSADAS,Malvasia Istriana,2020,1090
1092,BRANCAS E ROSADAS,Moscato Branco,2020,11868851
1093,BRANCAS E ROSADAS,Moscato Canelli,2020,138482
1094,BRANCAS E ROSADAS,Moscato Giallo,2020,1597829
1095,BRANCAS E ROSADAS,Moscato Nazareno,2020,554762
1096,BRANCAS E ROSADAS,Moscato Bianco R2,2020,864917
1097,BRANCAS E ROSADAS,Moscato de Alexandria,2020,153442
1098,BRANCAS E ROSADAS,Moscato Rosado,2020,500
1099,BRANCAS E ROSADAS,Muscat à Petits Grains,2020,8030
1100,BRANCAS E ROSADAS,Peverella,2020,15858
1101,BRANCAS E ROSADAS,Pinot Blanc,2020,3000
1102,BRANCAS E ROSADAS,Pinot Gris,2020,183818
1103,BRANCAS E ROSADAS,Prosecco,2020,4393451
1104,BRANCAS E ROSADAS,Riesling Italico,2020,3020102
1105,BRANCAS E ROSADAS,Riesling Renano,2020,108260
1106,BRANCAS E ROSADAS,Sauvignon Blanc(2),2020,818549
1107,BRANCAS E ROSADAS,Sauvignon Gris,2020,1028
1108,BRANCAS E ROSADAS,Semillon,2020,193760
1109,BRANCAS E ROSADAS,Schonburger,2020,14499
1110,BRANCAS E ROSADAS,Trebbiano,2020,4682326
1111,BRANCAS E ROSADAS,Trebbiano Toscano,2020,122512
1112,BRANCAS E ROSADAS,Verdelho,2020,1540
1113,BRANCAS E ROSADAS,Vernaccia,2020,95680
1114,BRANCAS E ROSADAS,Viognier,2020,531026
1115,TIN,TINTAS,2021,93296587
1116,TINTAS,Alicante Bouschet,2021,811140
1117,TINTAS,Ancelota,2021,6513974
1118,TINTAS,Arinarnoa,2021,2785609
1119,TINTAS,Aspirant Bouschet,2021,15691137
1120,TINTAS,Barbera,2021,437640
1121,TINTAS,Bonarda,2021,3110
1122,TINTAS,Cabernet Franc,2021,16626545
1123,TINTAS,Cabernet Sauvignon,2021,1857999
1124,TINTAS,Caladoc,2021,108600
1125,TINTAS,Carmenere,2021,76625
1126,TINTAS,Corvina,2021,69910
1127,TINTAS,Egiodola,2021,6322152
1128,TINTAS,Ekigaina,2021,2202348
1129,TINTAS,Gamay Beaujolais,2021,5375879
1130,TINTAS,Grenache,2021,1715870
1131,TINTAS,Lagrein,2021,94970
1132,TINTAS,Lambrusco,2021,3221972
1133,TINTAS,Malbec,2021,8502206
1134,TINTAS,Merlot,2021,494356
1135,TINTAS,Marselan,2021,154348
1136,TINTAS,Molinera,2021,569
1137,TINTAS,Montepulciano,2021,28485
1138,TINTAS,Moscato Bailey,2021,3541181
1139,TINTAS,Nebbiolo,2021,254738
1140,TINTAS,Petit Verdot,2021,277189
1141,TINTAS,Petite Sirah,2021,198152
1142,TINTAS,Pinotage,2021,1281674
1143,TINTAS,Pinot Noir,2021,6184345
1144,TINTAS,Rebo,2021,15912
1145,TINTAS,Refosco,2021,380
1146,TINTAS,Rondinella,2021,684860
1147,TINTAS,Ruby Cabernet,2021,78412
1148,TINTAS,Sangiovese,2021,3324793
1149,TINTAS,Tannat,2021,2634802
1150,TINTAS,Tempranillo,2021,968038
1151,TINTAS,Teroldego,2021,717757
1152,TINTAS,Touriga Nacional,2021,38910
1153,BRA,BRANCAS E ROSADAS,2021,71266239
1154,BRANCAS E ROSADAS,Alvarinho,2021,242238
1155,BRANCAS E ROSADAS,Chardonnay,2021,4200465
1156,BRANCAS E ROSADAS,Chenin Blanc,2021,49100
1157,BRANCAS E ROSADAS,Colombard,2021,97713
1158,BRANCAS E ROSADAS,Garganega,2021,439160
1159,BRANCAS E ROSADAS,Gewurztraminer,2021,3201453
1160,BRANCAS E ROSADAS,Italia (Pirovano 65) (PE),2021,1858705
1161,BRANCAS E ROSADAS,Malvasia Amarela,2021,3980
1162,BRANCAS E ROSADAS,Malvasia Bianca,2021,1165104
1163,BRANCAS E ROSADAS,Malvasia Verde,2021,3578
1164,BRANCAS E ROSADAS,Malvasia di Candia,2021,1544223
1165,BRANCAS E ROSADAS,Malvasia Istriana,2021,950
1166,BRANCAS E ROSADAS,Mistura de uvas viníferas branco,2021,12278
1167,BRANCAS E ROSADAS,Mistura de uvas viníferas rosado,2021,325922
1168,BRANCAS E ROSADAS,Moscato Branco,2021,12100995
1169,BRANCAS E ROSADAS,Moscato Canelli,2021,109714
1170,BRANCAS E ROSADAS,Moscato Giallo,2021,6365205
1171,BRANCAS E ROSADAS,Moscato Nazareno,2021,77912
1172,BRANCAS E ROSADAS,Moscato Bianco R2,2021,2920047
1173,BRANCAS E ROSADAS,Moscato de Alexandria,2021,431897
1174,BRANCAS E ROSADAS,Moscato Rosado,2021,15030
1175,BRANCAS E ROSADAS,Muscat à Petits Grains,2021,895346
1176,BRANCAS E ROSADAS,Petit Manseng,2021,570
1177,BRANCAS E ROSADAS,Peverella,2021,70925
1178,BRANCAS E ROSADAS,Pinot Gris,2021,79922
1179,BRANCAS E ROSADAS,Prosecco,2021,184218
1180,BRANCAS E ROSADAS,Riesling Italico,2021,20399648
1181,BRANCAS E ROSADAS,Riesling Renano,2021,13385970
1182,BRANCAS E ROSADAS,Sauvignon Blanc(2),2021,728633
1183,BRANCAS E ROSADAS,Semillon,2021,4000
1184,BRANCAS E ROSADAS,Schonburger,2021,5500
1185,BRANCAS E ROSADAS,Trebbiano,2021,67720
1186,BRANCAS E ROSADAS,Trebbiano Toscano,2021,184310
1187,BRANCAS E ROSADAS,Verdelho,2021,15503
1188,BRANCAS E ROSADAS,Viognier,2021,78305
