CodigoConceito,Descricao,OrdemExibicao,CodigoResumido,IdPeriodo,IdSerie,IdMetaConceito
1," Aluno dedicado, responsável e participativo. Realiza tudo o que é solicitado.
Parabéns!!!",1,1,4,2,1
2,"Aluno com capacidade, mas ainda precisa do incentivo do professor para realizar as atividades. 
Acre",2,2,4,2,2
3,"Aluno esforçado tenta realizar todas as atividades, mas ainda não alcançou o resultado esperado.
Jun",3,3,4,2,59
4,"Aluno deixou de realizar algumas tarefas e precisa de constante intervenção do professor.
Você é luz",4,4,4,2,60
3,"Aluno esforçado tenta realizar todas as atividades, mas ainda não alcançou o resultado esperado.
Jun",3,3,4,8,61
4,"Aluno deixou de realizar algumas tarefas e precisa de constante intervenção do professor.
Você é luz",4,4,4,8,62
1," Aluno dedicado, responsável e participativo. Realiza tudo o que é solicitado.
Parabéns!!!",1,1,4,8,63
2,"Aluno com capacidade, mas ainda precisa do incentivo do professor para realizar as atividades. 
Acre",2,2,4,8,64
4,"Aluno deixou de realizar algumas tarefas e precisa de constante intervenção do professor.
Você é luz",4,4,4,11,65
3,"Aluno esforçado tenta realizar todas as atividades, mas ainda não alcançou o resultado esperado.
Jun",3,3,4,11,66
1," Aluno dedicado, responsável e participativo. Realiza tudo o que é solicitado.
Parabéns!!!",1,1,4,11,67
2,"Aluno com capacidade, mas ainda precisa do incentivo do professor para realizar as atividades. 
Acre",2,2,4,11,68
3,"Aluno esforçado tenta realizar todas as atividades, mas ainda não alcançou o resultado esperado.
Jun",3,3,4,15,69
4,"Aluno deixou de realizar algumas tarefas e precisa de constante intervenção do professor.
Você é luz",4,4,4,15,70
1," Aluno dedicado, responsável e participativo. Realiza tudo o que é solicitado.
Parabéns!!!",1,1,4,15,71
2,"Aluno com capacidade, mas ainda precisa do incentivo do professor para realizar as atividades. 
Acre",2,2,4,15,72
4,"Aluno deixou de realizar algumas tarefas e precisa de constante intervenção do professor.
Você é luz",4,4,4,18,73
3,"Aluno esforçado tenta realizar todas as atividades, mas ainda não alcançou o resultado esperado.
Jun",3,3,4,18,74
1," Aluno dedicado, responsável e participativo. Realiza tudo o que é solicitado.
Parabéns!!!",1,1,4,18,75
2,"Aluno com capacidade, mas ainda precisa do incentivo do professor para realizar as atividades. 
Acre",2,2,4,18,76
3,"Aluno esforçado tenta realizar todas as atividades, mas ainda não alcançou o resultado esperado.
Jun",3,3,4,24,77
4,"Aluno deixou de realizar algumas tarefas e precisa de constante intervenção do professor.
Você é luz",4,4,4,24,78
1," Aluno dedicado, responsável e participativo. Realiza tudo o que é solicitado.
Parabéns!!!",1,1,4,24,79
2,"Aluno com capacidade, mas ainda precisa do incentivo do professor para realizar as atividades. 
Acre",2,2,4,24,80
4,"Aluno deixou de realizar algumas tarefas e precisa de constante intervenção do professor.
Você é luz",4,4,4,25,81
3,"Aluno esforçado tenta realizar todas as atividades, mas ainda não alcançou o resultado esperado.
Jun",3,3,4,25,82
1," Aluno dedicado, responsável e participativo. Realiza tudo o que é solicitado.
Parabéns!!!",1,1,4,25,83
2,"Aluno com capacidade, mas ainda precisa do incentivo do professor para realizar as atividades. 
Acre",2,2,4,25,84
3,"Aluno esforçado tenta realizar todas as atividades, mas ainda não alcançou o resultado esperado.
Jun",3,3,4,29,85
4,"Aluno deixou de realizar algumas tarefas e precisa de constante intervenção do professor.
Você é luz",4,4,4,29,86
1," Aluno dedicado, responsável e participativo. Realiza tudo o que é solicitado.
Parabéns!!!",1,1,4,29,87
2,"Aluno com capacidade, mas ainda precisa do incentivo do professor para realizar as atividades. 
Acre",2,2,4,29,88
4,"Aluno deixou de realizar algumas tarefas e precisa de constante intervenção do professor.
Você é luz",4,4,4,32,89
3,"Aluno esforçado tenta realizar todas as atividades, mas ainda não alcançou o resultado esperado.
Jun",3,3,4,32,90
1," Aluno dedicado, responsável e participativo. Realiza tudo o que é solicitado.
Parabéns!!!",1,1,4,32,91
2,"Aluno com capacidade, mas ainda precisa do incentivo do professor para realizar as atividades. 
Acre",2,2,4,32,92
3,"Aluno esforçado tenta realizar todas as atividades, mas ainda não alcançou o resultado esperado.
Jun",,3,4,33,93
4,"Aluno deixou de realizar algumas tarefas e precisa de constante intervenção do professor.
Você é luz",,4,4,33,94
1," Aluno dedicado, responsável e participativo. Realiza tudo o que é solicitado.
Parabéns!!!",,1,4,33,95
2,"Aluno com capacidade, mas ainda precisa do incentivo do professor para realizar as atividades. 
Acre",,2,4,33,96
4,"Aluno deixou de realizar algumas tarefas e precisa de constante intervenção do professor.
Você é luz",,4,4,34,97
3,"Aluno esforçado tenta realizar todas as atividades, mas ainda não alcançou o resultado esperado.
Jun",,3,4,34,98
1," Aluno dedicado, responsável e participativo. Realiza tudo o que é solicitado.
Parabéns!!!",,1,4,34,99
2,"Aluno com capacidade, mas ainda precisa do incentivo do professor para realizar as atividades. 
Acre",,2,4,34,100
3,"Aluno esforçado tenta realizar todas as atividades, mas ainda não alcançou o resultado esperado.
Jun",,3,4,35,101
4,"Aluno deixou de realizar algumas tarefas e precisa de constante intervenção do professor.
Você é luz",,4,4,35,102
1," Aluno dedicado, responsável e participativo. Realiza tudo o que é solicitado.
Parabéns!!!",,1,4,35,103
2,"Aluno com capacidade, mas ainda precisa do incentivo do professor para realizar as atividades. 
Acre",,2,4,35,104
4,"Aluno deixou de realizar algumas tarefas e precisa de constante intervenção do professor.
Você é luz",,4,4,36,105
3,"Aluno esforçado tenta realizar todas as atividades, mas ainda não alcançou o resultado esperado.
Jun",,3,4,36,106
1," Aluno dedicado, responsável e participativo. Realiza tudo o que é solicitado.
Parabéns!!!",,1,4,36,107
2,"Aluno com capacidade, mas ainda precisa do incentivo do professor para realizar as atividades. 
Acre",,2,4,36,108
3,"Aluno esforçado tenta realizar todas as atividades, mas ainda não alcançou o resultado esperado.
Jun",,3,4,37,109
4,"Aluno deixou de realizar algumas tarefas e precisa de constante intervenção do professor.
Você é luz",,4,4,37,110
1," Aluno dedicado, responsável e participativo. Realiza tudo o que é solicitado.
Parabéns!!!",,1,4,37,111
2,"Aluno com capacidade, mas ainda precisa do incentivo do professor para realizar as atividades. 
Acre",,2,4,37,112
4,"Aluno deixou de realizar algumas tarefas e precisa de constante intervenção do professor.
Você é luz",,4,4,38,113
3,"Aluno esforçado tenta realizar todas as atividades, mas ainda não alcançou o resultado esperado.
Jun",,3,4,38,114
1," Aluno dedicado, responsável e participativo. Realiza tudo o que é solicitado.
Parabéns!!!",,1,4,38,115
2,"Aluno com capacidade, mas ainda precisa do incentivo do professor para realizar as atividades. 
Acre",,2,4,38,116
3,"Aluno esforçado tenta realizar todas as atividades, mas ainda não alcançou o resultado esperado.
Jun",,3,4,39,117
4,"Aluno deixou de realizar algumas tarefas e precisa de constante intervenção do professor.
Você é luz",,4,4,39,118
1," Aluno dedicado, responsável e participativo. Realiza tudo o que é solicitado.
Parabéns!!!",,1,4,39,119
2,"Aluno com capacidade, mas ainda precisa do incentivo do professor para realizar as atividades. 
Acre",,2,4,39,120
4,"Aluno deixou de realizar algumas tarefas e precisa de constante intervenção do professor.
Você é luz",,4,4,40,121
3,"Aluno esforçado tenta realizar todas as atividades, mas ainda não alcançou o resultado esperado.
Jun",,3,4,40,122
1," Aluno dedicado, responsável e participativo. Realiza tudo o que é solicitado.
Parabéns!!!",,1,4,40,123
2,"Aluno com capacidade, mas ainda precisa do incentivo do professor para realizar as atividades. 
Acre",,2,4,40,124
3,"Aluno esforçado tenta realizar todas as atividades, mas ainda não alcançou o resultado esperado.
Jun",,3,4,41,125
4,"Aluno deixou de realizar algumas tarefas e precisa de constante intervenção do professor.
Você é luz",,4,4,41,126
1," Aluno dedicado, responsável e participativo. Realiza tudo o que é solicitado.
Parabéns!!!",,1,4,41,127
2,"Aluno com capacidade, mas ainda precisa do incentivo do professor para realizar as atividades. 
Acre",,2,4,41,128
4,"Aluno deixou de realizar algumas tarefas e precisa de constante intervenção do professor.
Você é luz",,4,4,42,129
3,"Aluno esforçado tenta realizar todas as atividades, mas ainda não alcançou o resultado esperado.
Jun",,3,4,42,130
1," Aluno dedicado, responsável e participativo. Realiza tudo o que é solicitado.
Parabéns!!!",,1,4,42,131
2,"Aluno com capacidade, mas ainda precisa do incentivo do professor para realizar as atividades. 
Acre",,2,4,42,132
3,"Aluno esforçado tenta realizar todas as atividades, mas ainda não alcançou o resultado esperado.
Jun",,3,4,43,133
4,"Aluno deixou de realizar algumas tarefas e precisa de constante intervenção do professor.
Você é luz",,4,4,43,134
1," Aluno dedicado, responsável e participativo. Realiza tudo o que é solicitado.
Parabéns!!!",,1,4,43,135
2,"Aluno com capacidade, mas ainda precisa do incentivo do professor para realizar as atividades. 
Acre",,2,4,43,136
4,"Aluno deixou de realizar algumas tarefas e precisa de constante intervenção do professor.
Você é luz",,4,4,44,137
3,"Aluno esforçado tenta realizar todas as atividades, mas ainda não alcançou o resultado esperado.
Jun",,3,4,44,138
1," Aluno dedicado, responsável e participativo. Realiza tudo o que é solicitado.
Parabéns!!!",,1,4,44,139
2,"Aluno com capacidade, mas ainda precisa do incentivo do professor para realizar as atividades. 
Acre",,2,4,44,140
3,"Aluno esforçado tenta realizar todas as atividades, mas ainda não alcançou o resultado esperado.
Jun",,3,4,45,141
4,"Aluno deixou de realizar algumas tarefas e precisa de constante intervenção do professor.
Você é luz",,4,4,45,142
1," Aluno dedicado, responsável e participativo. Realiza tudo o que é solicitado.
Parabéns!!!",,1,4,45,143
2,"Aluno com capacidade, mas ainda precisa do incentivo do professor para realizar as atividades. 
Acre",,2,4,45,144
4,"Aluno deixou de realizar algumas tarefas e precisa de constante intervenção do professor.
Você é luz",,4,4,46,145
3,"Aluno esforçado tenta realizar todas as atividades, mas ainda não alcançou o resultado esperado.
Jun",,3,4,46,146
1," Aluno dedicado, responsável e participativo. Realiza tudo o que é solicitado.
Parabéns!!!",,1,4,46,147
2,"Aluno com capacidade, mas ainda precisa do incentivo do professor para realizar as atividades. 
Acre",,2,4,46,148
3,"Aluno esforçado tenta realizar todas as atividades, mas ainda não alcançou o resultado esperado.
Jun",,3,4,47,149
4,"Aluno deixou de realizar algumas tarefas e precisa de constante intervenção do professor.
Você é luz",,4,4,47,150
1," Aluno dedicado, responsável e participativo. Realiza tudo o que é solicitado.
Parabéns!!!",,1,4,47,151
2,"Aluno com capacidade, mas ainda precisa do incentivo do professor para realizar as atividades. 
Acre",,2,4,47,152
4,"Aluno deixou de realizar algumas tarefas e precisa de constante intervenção do professor.
Você é luz",,4,4,48,153
3,"Aluno esforçado tenta realizar todas as atividades, mas ainda não alcançou o resultado esperado.
Jun",,3,4,48,154
1," Aluno dedicado, responsável e participativo. Realiza tudo o que é solicitado.
Parabéns!!!",,1,4,48,155
2,"Aluno com capacidade, mas ainda precisa do incentivo do professor para realizar as atividades. 
Acre",,2,4,48,156
3,"Aluno esforçado tenta realizar todas as atividades, mas ainda não alcançou o resultado esperado.
Jun",,3,4,49,157
4,"Aluno deixou de realizar algumas tarefas e precisa de constante intervenção do professor.
Você é luz",,4,4,49,158
1," Aluno dedicado, responsável e participativo. Realiza tudo o que é solicitado.
Parabéns!!!",,1,4,49,159
2,"Aluno com capacidade, mas ainda precisa do incentivo do professor para realizar as atividades. 
Acre",,2,4,49,160
4,"Aluno deixou de realizar algumas tarefas e precisa de constante intervenção do professor.
Você é luz",,4,4,50,161
3,"Aluno esforçado tenta realizar todas as atividades, mas ainda não alcançou o resultado esperado.
Jun",,3,4,50,162
1," Aluno dedicado, responsável e participativo. Realiza tudo o que é solicitado.
Parabéns!!!",,1,4,50,163
2,"Aluno com capacidade, mas ainda precisa do incentivo do professor para realizar as atividades. 
Acre",,2,4,50,164
3,"Aluno esforçado tenta realizar todas as atividades, mas ainda não alcançou o resultado esperado.
Jun",,3,4,51,165
4,"Aluno deixou de realizar algumas tarefas e precisa de constante intervenção do professor.
Você é luz",,4,4,51,166
1," Aluno dedicado, responsável e participativo. Realiza tudo o que é solicitado.
Parabéns!!!",,1,4,51,167
2,"Aluno com capacidade, mas ainda precisa do incentivo do professor para realizar as atividades. 
Acre",,2,4,51,168
4,"Aluno deixou de realizar algumas tarefas e precisa de constante intervenção do professor.
Você é luz",,4,4,52,169
3,"Aluno esforçado tenta realizar todas as atividades, mas ainda não alcançou o resultado esperado.
Jun",,3,4,52,170
1," Aluno dedicado, responsável e participativo. Realiza tudo o que é solicitado.
Parabéns!!!",,1,4,52,171
2,"Aluno com capacidade, mas ainda precisa do incentivo do professor para realizar as atividades. 
Acre",,2,4,52,172
3,"Aluno esforçado tenta realizar todas as atividades, mas ainda não alcançou o resultado esperado.
Jun",,3,5,33,173
4,"Aluno deixou de realizar algumas tarefas e precisa de constante intervenção do professor.
Você é luz",,4,5,33,174
1," Aluno dedicado, responsável e participativo. Realiza tudo o que é solicitado.
Parabéns!!!",,1,5,33,175
2,"Aluno com capacidade, mas ainda precisa do incentivo do professor para realizar as atividades. 
Acre",,2,5,33,176
4,"Aluno deixou de realizar algumas tarefas e precisa de constante intervenção do professor.
Você é luz",,4,5,34,177
3,"Aluno esforçado tenta realizar todas as atividades, mas ainda não alcançou o resultado esperado.
Jun",,3,5,34,178
1," Aluno dedicado, responsável e participativo. Realiza tudo o que é solicitado.
Parabéns!!!",,1,5,34,179
2,"Aluno com capacidade, mas ainda precisa do incentivo do professor para realizar as atividades. 
Acre",,2,5,34,180
3,"Aluno esforçado tenta realizar todas as atividades, mas ainda não alcançou o resultado esperado.
Jun",,3,5,35,181
4,"Aluno deixou de realizar algumas tarefas e precisa de constante intervenção do professor.
Você é luz",,4,5,35,182
1," Aluno dedicado, responsável e participativo. Realiza tudo o que é solicitado.
Parabéns!!!",,1,5,35,183
2,"Aluno com capacidade, mas ainda precisa do incentivo do professor para realizar as atividades. 
Acre",,2,5,35,184
4,"Aluno deixou de realizar algumas tarefas e precisa de constante intervenção do professor.
Você é luz",,4,5,36,185
3,"Aluno esforçado tenta realizar todas as atividades, mas ainda não alcançou o resultado esperado.
Jun",,3,5,36,186
1," Aluno dedicado, responsável e participativo. Realiza tudo o que é solicitado.
Parabéns!!!",,1,5,36,187
2,"Aluno com capacidade, mas ainda precisa do incentivo do professor para realizar as atividades. 
Acre",,2,5,36,188
3,"Aluno esforçado tenta realizar todas as atividades, mas ainda não alcançou o resultado esperado.
Jun",,3,5,37,189
4,"Aluno deixou de realizar algumas tarefas e precisa de constante intervenção do professor.
Você é luz",,4,5,37,190
1," Aluno dedicado, responsável e participativo. Realiza tudo o que é solicitado.
Parabéns!!!",,1,5,37,191
2,"Aluno com capacidade, mas ainda precisa do incentivo do professor para realizar as atividades. 
Acre",,2,5,37,192
4,"Aluno deixou de realizar algumas tarefas e precisa de constante intervenção do professor.
Você é luz",,4,5,38,193
3,"Aluno esforçado tenta realizar todas as atividades, mas ainda não alcançou o resultado esperado.
Jun",,3,5,38,194
1," Aluno dedicado, responsável e participativo. Realiza tudo o que é solicitado.
Parabéns!!!",,1,5,38,195
2,"Aluno com capacidade, mas ainda precisa do incentivo do professor para realizar as atividades. 
Acre",,2,5,38,196
3,"Aluno esforçado tenta realizar todas as atividades, mas ainda não alcançou o resultado esperado.
Jun",,3,5,39,197
4,"Aluno deixou de realizar algumas tarefas e precisa de constante intervenção do professor.
Você é luz",,4,5,39,198
1," Aluno dedicado, responsável e participativo. Realiza tudo o que é solicitado.
Parabéns!!!",,1,5,39,199
2,"Aluno com capacidade, mas ainda precisa do incentivo do professor para realizar as atividades. 
Acre",,2,5,39,200
4,"Aluno deixou de realizar algumas tarefas e precisa de constante intervenção do professor.
Você é luz",,4,5,40,201
3,"Aluno esforçado tenta realizar todas as atividades, mas ainda não alcançou o resultado esperado.
Jun",,3,5,40,202
1," Aluno dedicado, responsável e participativo. Realiza tudo o que é solicitado.
Parabéns!!!",,1,5,40,203
2,"Aluno com capacidade, mas ainda precisa do incentivo do professor para realizar as atividades. 
Acre",,2,5,40,204
3,"Aluno esforçado tenta realizar todas as atividades, mas ainda não alcançou o resultado esperado.
Jun",,3,5,41,205
4,"Aluno deixou de realizar algumas tarefas e precisa de constante intervenção do professor.
Você é luz",,4,5,41,206
1," Aluno dedicado, responsável e participativo. Realiza tudo o que é solicitado.
Parabéns!!!",,1,5,41,207
2,"Aluno com capacidade, mas ainda precisa do incentivo do professor para realizar as atividades. 
Acre",,2,5,41,208
4,"Aluno deixou de realizar algumas tarefas e precisa de constante intervenção do professor.
Você é luz",,4,5,42,209
3,"Aluno esforçado tenta realizar todas as atividades, mas ainda não alcançou o resultado esperado.
Jun",,3,5,42,210
1," Aluno dedicado, responsável e participativo. Realiza tudo o que é solicitado.
Parabéns!!!",,1,5,42,211
2,"Aluno com capacidade, mas ainda precisa do incentivo do professor para realizar as atividades. 
Acre",,2,5,42,212
3,"Aluno esforçado tenta realizar todas as atividades, mas ainda não alcançou o resultado esperado.
Jun",,3,5,43,213
4,"Aluno deixou de realizar algumas tarefas e precisa de constante intervenção do professor.
Você é luz",,4,5,43,214
1," Aluno dedicado, responsável e participativo. Realiza tudo o que é solicitado.
Parabéns!!!",,1,5,43,215
2,"Aluno com capacidade, mas ainda precisa do incentivo do professor para realizar as atividades. 
Acre",,2,5,43,216
4,"Aluno deixou de realizar algumas tarefas e precisa de constante intervenção do professor.
Você é luz",,4,5,44,217
3,"Aluno esforçado tenta realizar todas as atividades, mas ainda não alcançou o resultado esperado.
Jun",,3,5,44,218
1," Aluno dedicado, responsável e participativo. Realiza tudo o que é solicitado.
Parabéns!!!",,1,5,44,219
2,"Aluno com capacidade, mas ainda precisa do incentivo do professor para realizar as atividades. 
Acre",,2,5,44,220
3,"Aluno esforçado tenta realizar todas as atividades, mas ainda não alcançou o resultado esperado.
Jun",,3,5,45,221
4,"Aluno deixou de realizar algumas tarefas e precisa de constante intervenção do professor.
Você é luz",,4,5,45,222
1," Aluno dedicado, responsável e participativo. Realiza tudo o que é solicitado.
Parabéns!!!",,1,5,45,223
2,"Aluno com capacidade, mas ainda precisa do incentivo do professor para realizar as atividades. 
Acre",,2,5,45,224
4,"Aluno deixou de realizar algumas tarefas e precisa de constante intervenção do professor.
Você é luz",,4,5,46,225
3,"Aluno esforçado tenta realizar todas as atividades, mas ainda não alcançou o resultado esperado.
Jun",,3,5,46,226
1," Aluno dedicado, responsável e participativo. Realiza tudo o que é solicitado.
Parabéns!!!",,1,5,46,227
2,"Aluno com capacidade, mas ainda precisa do incentivo do professor para realizar as atividades. 
Acre",,2,5,46,228
3,"Aluno esforçado tenta realizar todas as atividades, mas ainda não alcançou o resultado esperado.
Jun",,3,5,47,229
4,"Aluno deixou de realizar algumas tarefas e precisa de constante intervenção do professor.
Você é luz",,4,5,47,230
1," Aluno dedicado, responsável e participativo. Realiza tudo o que é solicitado.
Parabéns!!!",,1,5,47,231
2,"Aluno com capacidade, mas ainda precisa do incentivo do professor para realizar as atividades. 
Acre",,2,5,47,232
4,"Aluno deixou de realizar algumas tarefas e precisa de constante intervenção do professor.
Você é luz",,4,5,48,233
3,"Aluno esforçado tenta realizar todas as atividades, mas ainda não alcançou o resultado esperado.
Jun",,3,5,48,234
1," Aluno dedicado, responsável e participativo. Realiza tudo o que é solicitado.
Parabéns!!!",,1,5,48,235
2,"Aluno com capacidade, mas ainda precisa do incentivo do professor para realizar as atividades. 
Acre",,2,5,48,236
3,"Aluno esforçado tenta realizar todas as atividades, mas ainda não alcançou o resultado esperado.
Jun",,3,5,49,237
4,"Aluno deixou de realizar algumas tarefas e precisa de constante intervenção do professor.
Você é luz",,4,5,49,238
1," Aluno dedicado, responsável e participativo. Realiza tudo o que é solicitado.
Parabéns!!!",,1,5,49,239
2,"Aluno com capacidade, mas ainda precisa do incentivo do professor para realizar as atividades. 
Acre",,2,5,49,240
4,"Aluno deixou de realizar algumas tarefas e precisa de constante intervenção do professor.
Você é luz",,4,5,50,241
3,"Aluno esforçado tenta realizar todas as atividades, mas ainda não alcançou o resultado esperado.
Jun",,3,5,50,242
1," Aluno dedicado, responsável e participativo. Realiza tudo o que é solicitado.
Parabéns!!!",,1,5,50,243
2,"Aluno com capacidade, mas ainda precisa do incentivo do professor para realizar as atividades. 
Acre",,2,5,50,244
3,"Aluno esforçado tenta realizar todas as atividades, mas ainda não alcançou o resultado esperado.
Jun",,3,5,51,245
4,"Aluno deixou de realizar algumas tarefas e precisa de constante intervenção do professor.
Você é luz",,4,5,51,246
1," Aluno dedicado, responsável e participativo. Realiza tudo o que é solicitado.
Parabéns!!!",,1,5,51,247
2,"Aluno com capacidade, mas ainda precisa do incentivo do professor para realizar as atividades. 
Acre",,2,5,51,248
4,"Aluno deixou de realizar algumas tarefas e precisa de constante intervenção do professor.
Você é luz",,4,5,52,249
3,"Aluno esforçado tenta realizar todas as atividades, mas ainda não alcançou o resultado esperado.
Jun",,3,5,52,250
1," Aluno dedicado, responsável e participativo. Realiza tudo o que é solicitado.
Parabéns!!!",,1,5,52,251
2,"Aluno com capacidade, mas ainda precisa do incentivo do professor para realizar as atividades. 
Acre",,2,5,52,252
1,"Aluno dedicado, responsável e participativo. Realiza tudo o que é solicitado.
Parabéns!!!",1,1,5,2,253
1,"Aluno dedicado, responsável e participativo. Realiza tudo o que é solicitado.
Parabéns!!!",1,1,5,8,254
1," Aluno dedicado, responsável e participativo. Realiza tudo o que é solicitado.
Parabéns!!!",1,1,5,11,255
1,"Aluno dedicado, responsável e participativo. Realiza tudo o que é solicitado.
Parabéns!!!",1,1,5,15,256
1,"Aluno dedicado, responsável e participativo. Realiza tudo o que é solicitado.
Parabéns!!!",1,1,5,18,257
1,"Aluno dedicado, responsável e participativo. Realiza tudo o que é solicitado.
Parabéns!!!",1,1,5,25,258
1,"Aluno dedicado, responsável e participativo. Realiza tudo o que é solicitado.
Parabéns!!!",1,1,5,24,259
1,"Aluno dedicado, responsável e participativo. Realiza tudo o que é solicitado.
Parabéns!!!",1,1,5,29,260
1,"Aluno dedicado, responsável e participativo. Realiza tudo o que é solicitado.
Parabéns!!!",1,1,5,32,261
2,"Aluno com capacidade, mas ainda precisa do incentivo do professor para realizar as atividades. 
Acre",2,2,5,32,262
2,"Aluno com capacidade, mas ainda precisa do incentivo do professor para realizar as atividades. 
Acre",2,2,5,29,263
2,"Aluno com capacidade, mas ainda precisa do incentivo do professor para realizar as atividades. 
Acre",2,2,5,24,264
2,"Aluno com capacidade, mas ainda precisa do incentivo do professor para realizar as atividades. 
Acre",2,2,5,25,265
2,"Aluno com capacidade, mas ainda precisa do incentivo do professor para realizar as atividades. 
Acre",2,2,5,18,266
2,"Aluno com capacidade, mas ainda precisa do incentivo do professor para realizar as atividades. 
Acre",2,2,5,15,267
2,"Aluno com capacidade, mas ainda precisa do incentivo do professor para realizar as atividades. 
Acre",2,2,5,11,268
2,"Aluno com capacidade, mas ainda precisa do incentivo do professor para realizar as atividades. 
Acre",2,2,5,8,269
2,"Aluno com capacidade, mas ainda precisa do incentivo do professor para realizar as atividades. 
Acre",2,2,5,2,270
3,"Aluno esforçado tenta realizar todas as atividades, mas ainda não alcançou o resultado esperado.
Jun",3,3,5,2,271
3,"Aluno esforçado tenta realizar todas as atividades, mas ainda não alcançou o resultado esperado.
Jun",3,3,5,8,272
3,"Aluno esforçado tenta realizar todas as atividades, mas ainda não alcançou o resultado esperado.
Jun",3,3,5,15,273
3,"Aluno esforçado tenta realizar todas as atividades, mas ainda não alcançou o resultado esperado.
Jun",3,3,5,11,274
3,"Aluno esforçado tenta realizar todas as atividades, mas ainda não alcançou o resultado esperado.
Jun",3,3,5,18,275
3,"Aluno esforçado tenta realizar todas as atividades, mas ainda não alcançou o resultado esperado.
Jun",3,3,5,24,276
3,"Aluno esforçado tenta realizar todas as atividades, mas ainda não alcançou o resultado esperado.
Jun",3,3,5,29,277
3,"Aluno esforçado tenta realizar todas as atividades, mas ainda não alcançou o resultado esperado.
Jun",3,3,5,25,278
3,"Aluno esforçado tenta realizar todas as atividades, mas ainda não alcançou o resultado esperado.
Jun",3,3,5,32,279
4,"Aluno deixou de realizar algumas tarefas e precisa de constante intervenção do professor.
Você é luz",4,4,5,25,280
4,"Aluno deixou de realizar algumas tarefas e precisa de constante intervenção do professor.
Você é luz",4,4,5,32,281
4,"Aluno deixou de realizar algumas tarefas e precisa de constante intervenção do professor.
Você é luz",4,4,5,29,282
4,"Aluno deixou de realizar algumas tarefas e precisa de constante intervenção do professor.
Você é luz",4,4,5,24,283
4,"Aluno deixou de realizar algumas tarefas e precisa de constante intervenção do professor.
Você é luz",4,4,5,18,284
4,"Aluno deixou de realizar algumas tarefas e precisa de constante intervenção do professor.
Você é luz",4,4,5,15,285
4,"Aluno deixou de realizar algumas tarefas e precisa de constante intervenção do professor.
Você é luz",4,4,5,8,286
4,"Aluno deixou de realizar algumas tarefas e precisa de constante intervenção do professor.
Você é luz",4,4,5,11,287
4,"Aluno deixou de realizar algumas tarefas e precisa de constante intervenção do professor.
Você é luz",4,4,5,2,288
1,"Aluno dedicado, responsável e participativo. Realiza tudo o que é solicitado.
Parabéns!!!",1,1,5,54,289
2,"Aluno com capacidade, mas ainda precisa do incentivo do professor para realizar as atividades. 
Acre",2,2,5,54,290
3,"Aluno esforçado tenta realizar todas as atividades, mas ainda não alcançou o resultado esperado.
Jun",3,3,5,54,291
4,"Aluno deixou de realizar algumas tarefas e precisa de constante intervenção do professor.
Você é lu",4,4,5,54,292
3,"Aluno esforçado tenta realizar todas as atividades, mas ainda não alcançou o resultado esperado.
Jun",,3,6,33,293
4,"Aluno deixou de realizar algumas tarefas e precisa de constante intervenção do professor.
Você é luz",,4,6,33,294
1," Aluno dedicado, responsável e participativo. Realiza tudo o que é solicitado.
Parabéns!!!",,1,6,33,295
2,"Aluno com capacidade, mas ainda precisa do incentivo do professor para realizar as atividades. 
Acre",,2,6,33,296
4,"Aluno deixou de realizar algumas tarefas e precisa de constante intervenção do professor.
Você é luz",,4,6,34,297
3,"Aluno esforçado tenta realizar todas as atividades, mas ainda não alcançou o resultado esperado.
Jun",,3,6,34,298
1," Aluno dedicado, responsável e participativo. Realiza tudo o que é solicitado.
Parabéns!!!",,1,6,34,299
2,"Aluno com capacidade, mas ainda precisa do incentivo do professor para realizar as atividades. 
Acre",,2,6,34,300
3,"Aluno esforçado tenta realizar todas as atividades, mas ainda não alcançou o resultado esperado.
Jun",,3,6,35,301
4,"Aluno deixou de realizar algumas tarefas e precisa de constante intervenção do professor.
Você é luz",,4,6,35,302
1," Aluno dedicado, responsável e participativo. Realiza tudo o que é solicitado.
Parabéns!!!",,1,6,35,303
2,"Aluno com capacidade, mas ainda precisa do incentivo do professor para realizar as atividades. 
Acre",,2,6,35,304
4,"Aluno deixou de realizar algumas tarefas e precisa de constante intervenção do professor.
Você é luz",,4,6,36,305
3,"Aluno esforçado tenta realizar todas as atividades, mas ainda não alcançou o resultado esperado.
Jun",,3,6,36,306
1," Aluno dedicado, responsável e participativo. Realiza tudo o que é solicitado.
Parabéns!!!",,1,6,36,307
2,"Aluno com capacidade, mas ainda precisa do incentivo do professor para realizar as atividades. 
Acre",,2,6,36,308
3,"Aluno esforçado tenta realizar todas as atividades, mas ainda não alcançou o resultado esperado.
Jun",,3,6,37,309
4,"Aluno deixou de realizar algumas tarefas e precisa de constante intervenção do professor.
Você é luz",,4,6,37,310
1," Aluno dedicado, responsável e participativo. Realiza tudo o que é solicitado.
Parabéns!!!",,1,6,37,311
2,"Aluno com capacidade, mas ainda precisa do incentivo do professor para realizar as atividades. 
Acre",,2,6,37,312
4,"Aluno deixou de realizar algumas tarefas e precisa de constante intervenção do professor.
Você é luz",,4,6,38,313
3,"Aluno esforçado tenta realizar todas as atividades, mas ainda não alcançou o resultado esperado.
Jun",,3,6,38,314
1," Aluno dedicado, responsável e participativo. Realiza tudo o que é solicitado.
Parabéns!!!",,1,6,38,315
2,"Aluno com capacidade, mas ainda precisa do incentivo do professor para realizar as atividades. 
Acre",,2,6,38,316
3,"Aluno esforçado tenta realizar todas as atividades, mas ainda não alcançou o resultado esperado.
Jun",,3,6,39,317
4,"Aluno deixou de realizar algumas tarefas e precisa de constante intervenção do professor.
Você é luz",,4,6,39,318
1," Aluno dedicado, responsável e participativo. Realiza tudo o que é solicitado.
Parabéns!!!",,1,6,39,319
2,"Aluno com capacidade, mas ainda precisa do incentivo do professor para realizar as atividades. 
Acre",,2,6,39,320
4,"Aluno deixou de realizar algumas tarefas e precisa de constante intervenção do professor.
Você é luz",,4,6,40,321
3,"Aluno esforçado tenta realizar todas as atividades, mas ainda não alcançou o resultado esperado.
Jun",,3,6,40,322
1," Aluno dedicado, responsável e participativo. Realiza tudo o que é solicitado.
Parabéns!!!",,1,6,40,323
2,"Aluno com capacidade, mas ainda precisa do incentivo do professor para realizar as atividades. 
Acre",,2,6,40,324
3,"Aluno esforçado tenta realizar todas as atividades, mas ainda não alcançou o resultado esperado.
Jun",,3,6,41,325
4,"Aluno deixou de realizar algumas tarefas e precisa de constante intervenção do professor.
Você é luz",,4,6,41,326
1," Aluno dedicado, responsável e participativo. Realiza tudo o que é solicitado.
Parabéns!!!",,1,6,41,327
2,"Aluno com capacidade, mas ainda precisa do incentivo do professor para realizar as atividades. 
Acre",,2,6,41,328
4,"Aluno deixou de realizar algumas tarefas e precisa de constante intervenção do professor.
Você é luz",,4,6,42,329
3,"Aluno esforçado tenta realizar todas as atividades, mas ainda não alcançou o resultado esperado.
Jun",,3,6,42,330
1," Aluno dedicado, responsável e participativo. Realiza tudo o que é solicitado.
Parabéns!!!",,1,6,42,331
2,"Aluno com capacidade, mas ainda precisa do incentivo do professor para realizar as atividades. 
Acre",,2,6,42,332
3,"Aluno esforçado tenta realizar todas as atividades, mas ainda não alcançou o resultado esperado.
Jun",,3,6,43,333
4,"Aluno deixou de realizar algumas tarefas e precisa de constante intervenção do professor.
Você é luz",,4,6,43,334
1," Aluno dedicado, responsável e participativo. Realiza tudo o que é solicitado.
Parabéns!!!",,1,6,43,335
2,"Aluno com capacidade, mas ainda precisa do incentivo do professor para realizar as atividades. 
Acre",,2,6,43,336
4,"Aluno deixou de realizar algumas tarefas e precisa de constante intervenção do professor.
Você é luz",,4,6,44,337
3,"Aluno esforçado tenta realizar todas as atividades, mas ainda não alcançou o resultado esperado.
Jun",,3,6,44,338
1," Aluno dedicado, responsável e participativo. Realiza tudo o que é solicitado.
Parabéns!!!",,1,6,44,339
2,"Aluno com capacidade, mas ainda precisa do incentivo do professor para realizar as atividades. 
Acre",,2,6,44,340
3,"Aluno esforçado tenta realizar todas as atividades, mas ainda não alcançou o resultado esperado.
Jun",,3,6,45,341
4,"Aluno deixou de realizar algumas tarefas e precisa de constante intervenção do professor.
Você é luz",,4,6,45,342
1," Aluno dedicado, responsável e participativo. Realiza tudo o que é solicitado.
Parabéns!!!",,1,6,45,343
2,"Aluno com capacidade, mas ainda precisa do incentivo do professor para realizar as atividades. 
Acre",,2,6,45,344
4,"Aluno deixou de realizar algumas tarefas e precisa de constante intervenção do professor.
Você é luz",,4,6,46,345
3,"Aluno esforçado tenta realizar todas as atividades, mas ainda não alcançou o resultado esperado.
Jun",,3,6,46,346
1," Aluno dedicado, responsável e participativo. Realiza tudo o que é solicitado.
Parabéns!!!",,1,6,46,347
2,"Aluno com capacidade, mas ainda precisa do incentivo do professor para realizar as atividades. 
Acre",,2,6,46,348
3,"Aluno esforçado tenta realizar todas as atividades, mas ainda não alcançou o resultado esperado.
Jun",,3,6,47,349
4,"Aluno deixou de realizar algumas tarefas e precisa de constante intervenção do professor.
Você é luz",,4,6,47,350
1," Aluno dedicado, responsável e participativo. Realiza tudo o que é solicitado.
Parabéns!!!",,1,6,47,351
2,"Aluno com capacidade, mas ainda precisa do incentivo do professor para realizar as atividades. 
Acre",,2,6,47,352
4,"Aluno deixou de realizar algumas tarefas e precisa de constante intervenção do professor.
Você é luz",,4,6,48,353
3,"Aluno esforçado tenta realizar todas as atividades, mas ainda não alcançou o resultado esperado.
Jun",,3,6,48,354
1," Aluno dedicado, responsável e participativo. Realiza tudo o que é solicitado.
Parabéns!!!",,1,6,48,355
2,"Aluno com capacidade, mas ainda precisa do incentivo do professor para realizar as atividades. 
Acre",,2,6,48,356
3,"Aluno esforçado tenta realizar todas as atividades, mas ainda não alcançou o resultado esperado.
Jun",,3,6,49,357
4,"Aluno deixou de realizar algumas tarefas e precisa de constante intervenção do professor.
Você é luz",,4,6,49,358
1," Aluno dedicado, responsável e participativo. Realiza tudo o que é solicitado.
Parabéns!!!",,1,6,49,359
2,"Aluno com capacidade, mas ainda precisa do incentivo do professor para realizar as atividades. 
Acre",,2,6,49,360
4,"Aluno deixou de realizar algumas tarefas e precisa de constante intervenção do professor.
Você é luz",,4,6,50,361
3,"Aluno esforçado tenta realizar todas as atividades, mas ainda não alcançou o resultado esperado.
Jun",,3,6,50,362
1," Aluno dedicado, responsável e participativo. Realiza tudo o que é solicitado.
Parabéns!!!",,1,6,50,363
2,"Aluno com capacidade, mas ainda precisa do incentivo do professor para realizar as atividades. 
Acre",,2,6,50,364
3,"Aluno esforçado tenta realizar todas as atividades, mas ainda não alcançou o resultado esperado.
Jun",,3,6,51,365
4,"Aluno deixou de realizar algumas tarefas e precisa de constante intervenção do professor.
Você é luz",,4,6,51,366
1," Aluno dedicado, responsável e participativo. Realiza tudo o que é solicitado.
Parabéns!!!",,1,6,51,367
2,"Aluno com capacidade, mas ainda precisa do incentivo do professor para realizar as atividades. 
Acre",,2,6,51,368
4,"Aluno deixou de realizar algumas tarefas e precisa de constante intervenção do professor.
Você é luz",,4,6,52,369
3,"Aluno esforçado tenta realizar todas as atividades, mas ainda não alcançou o resultado esperado.
Jun",,3,6,52,370
1," Aluno dedicado, responsável e participativo. Realiza tudo o que é solicitado.
Parabéns!!!",,1,6,52,371
2,"Aluno com capacidade, mas ainda precisa do incentivo do professor para realizar as atividades. 
Acre",,2,6,52,372
1,"Aluno dedicado, responsável e participativo. Realiza tudo o que é solicitado.
Parabéns!!!",1,1,6,2,373
1,"Aluno dedicado, responsável e participativo. Realiza tudo o que é solicitado.
Parabéns!!!",1,1,6,8,374
1,"Aluno dedicado, responsável e participativo. Realiza tudo o que é solicitado.
Parabéns!!!",1,1,6,11,375
1,"Aluno dedicado, responsável e participativo. Realiza tudo o que é solicitado.
Parabéns!!!",1,1,6,15,376
1,"Aluno dedicado, responsável e participativo. Realiza tudo o que é solicitado.
Parabéns!!!",1,1,6,18,377
1,"Aluno dedicado, responsável e participativo. Realiza tudo o que é solicitado.
Parabéns!!!",1,1,6,25,378
1,"Aluno dedicado, responsável e participativo. Realiza tudo o que é solicitado.
Parabéns!!!",1,1,6,24,379
1,"Aluno dedicado, responsável e participativo. Realiza tudo o que é solicitado.
Parabéns!!!",1,1,6,29,380
1,"Aluno dedicado, responsável e participativo. Realiza tudo o que é solicitado.
Parabéns!!!",1,1,6,32,381
1,"Aluno dedicado, responsável e participativo. Realiza tudo o que é solicitado.
Parabéns!!!",1,1,6,54,382
2,"Aluno com capacidade, mas ainda precisa do incentivo do professor para realizar as atividades. 
Acre",2,2,6,54,383
2,"Aluno com capacidade, mas ainda precisa do incentivo do professor para realizar as atividades. 
Acre",2,2,6,32,384
2,"Aluno com capacidade, mas ainda precisa do incentivo do professor para realizar as atividades. 
Acre",2,2,6,29,385
2,"Aluno com capacidade, mas ainda precisa do incentivo do professor para realizar as atividades. 
Acre",2,2,6,24,386
2,"Aluno com capacidade, mas ainda precisa do incentivo do professor para realizar as atividades. 
Acre",2,2,6,25,387
2,"Aluno com capacidade, mas ainda precisa do incentivo do professor para realizar as atividades. 
Acre",2,2,6,18,388
2,"Aluno com capacidade, mas ainda precisa do incentivo do professor para realizar as atividades. 
Acre",2,2,6,15,389
2,"Aluno com capacidade, mas ainda precisa do incentivo do professor para realizar as atividades. 
Acre",2,2,6,11,390
2,"Aluno com capacidade, mas ainda precisa do incentivo do professor para realizar as atividades. 
Acre",2,2,6,8,391
2,"Aluno com capacidade, mas ainda precisa do incentivo do professor para realizar as atividades. 
Acre",2,2,6,2,392
3,"Aluno esforçado tenta realizar todas as atividades, mas ainda não alcançou o resultado esperado.
Jun",3,3,6,2,393
3,"Aluno esforçado tenta realizar todas as atividades, mas ainda não alcançou o resultado esperado.
Jun",3,3,6,8,394
3,"Aluno esforçado tenta realizar todas as atividades, mas ainda não alcançou o resultado esperado.
Jun",3,3,6,15,395
3,"Aluno esforçado tenta realizar todas as atividades, mas ainda não alcançou o resultado esperado.
Jun",3,3,6,11,396
3,"Aluno esforçado tenta realizar todas as atividades, mas ainda não alcançou o resultado esperado.
Jun",3,3,6,18,397
3,"Aluno esforçado tenta realizar todas as atividades, mas ainda não alcançou o resultado esperado.
Jun",3,3,6,24,398
3,"Aluno esforçado tenta realizar todas as atividades, mas ainda não alcançou o resultado esperado.
Jun",3,3,6,29,399
3,"Aluno esforçado tenta realizar todas as atividades, mas ainda não alcançou o resultado esperado.
Jun",3,3,6,25,400
3,"Aluno esforçado tenta realizar todas as atividades, mas ainda não alcançou o resultado esperado.
Jun",3,3,6,32,401
3,"Aluno esforçado tenta realizar todas as atividades, mas ainda não alcançou o resultado esperado.
Jun",3,3,6,54,402
4,"Aluno deixou de realizar algumas tarefas e precisa de constante intervenção do professor.
Você é lu",4,4,6,54,403
4,"Aluno deixou de realizar algumas tarefas e precisa de constante intervenção do professor.
Você é luz",4,4,6,25,404
4,"Aluno deixou de realizar algumas tarefas e precisa de constante intervenção do professor.
Você é luz",4,4,6,32,405
4,"Aluno deixou de realizar algumas tarefas e precisa de constante intervenção do professor.
Você é luz",4,4,6,29,406
4,"Aluno deixou de realizar algumas tarefas e precisa de constante intervenção do professor.
Você é luz",4,4,6,24,407
4,"Aluno deixou de realizar algumas tarefas e precisa de constante intervenção do professor.
Você é luz",4,4,6,18,408
4,"Aluno deixou de realizar algumas tarefas e precisa de constante intervenção do professor.
Você é luz",4,4,6,15,409
4,"Aluno deixou de realizar algumas tarefas e precisa de constante intervenção do professor.
Você é luz",4,4,6,8,410
4,"Aluno deixou de realizar algumas tarefas e precisa de constante intervenção do professor.
Você é luz",4,4,6,11,411
4,"Aluno deixou de realizar algumas tarefas e precisa de constante intervenção do professor.
Você é luz",4,4,6,2,412
1,"Aluno dedicado, responsável e participativo. Realiza tudo o que é solicitado.
Parabéns!!!",1,1,6,59,413
2,"Aluno com capacidade, mas ainda precisa do incentivo do professor para realizar as atividades. 
Acre",2,2,6,59,414
3,"Aluno esforçado tenta realizar todas as atividades, mas ainda não alcançou o resultado esperado.
Jun",3,3,6,59,415
4,"Aluno deixou de realizar algumas tarefas e precisa de constante intervenção do professor.
Você é lu",4,4,6,59,416
1,"Aluno dedicado, responsável e participativo. Realiza tudo o que é solicitado.
Parabéns!!!",1,1,7,2,417
2,"Aluno com capacidade, mas ainda precisa do incentivo do professor para realizar as atividades. 
Acre",2,2,7,2,418
3,"Aluno esforçado tenta realizar todas as atividades, mas ainda não alcançou o resultado esperado.
Jun",3,3,7,2,419
4,"Aluno deixou de realizar algumas tarefas e precisa de constante intervenção do professor.
Você é luz",4,4,7,2,420
1,"Aluno dedicado, responsável e participativo. Realiza tudo o que é solicitado.
Parabéns!!!",1,1,7,8,421
2,"Aluno com capacidade, mas ainda precisa do incentivo do professor para realizar as atividades. 
Acre",2,2,7,8,422
3,"Aluno esforçado tenta realizar todas as atividades, mas ainda não alcançou o resultado esperado.
Jun",3,3,7,8,423
4,"Aluno deixou de realizar algumas tarefas e precisa de constante intervenção do professor.
Você é luz",4,4,7,8,424
1,"Aluno dedicado, responsável e participativo. Realiza tudo o que é solicitado.
Parabéns!!!",1,1,7,11,425
2,"Aluno com capacidade, mas ainda precisa do incentivo do professor para realizar as atividades. 
Acre",2,2,7,11,426
3,"Aluno esforçado tenta realizar todas as atividades, mas ainda não alcançou o resultado esperado.
Jun",3,3,7,11,427
4,"Aluno deixou de realizar algumas tarefas e precisa de constante intervenção do professor.
Você é luz",4,4,7,11,428
1,"Aluno dedicado, responsável e participativo. Realiza tudo o que é solicitado.
Parabéns!!!",1,1,7,15,429
2,"Aluno com capacidade, mas ainda precisa do incentivo do professor para realizar as atividades. 
Acre",2,2,7,15,430
3,"Aluno esforçado tenta realizar todas as atividades, mas ainda não alcançou o resultado esperado.
Jun",3,3,7,15,431
4,"Aluno deixou de realizar algumas tarefas e precisa de constante intervenção do professor.
Você é luz",4,4,7,15,432
1,"Aluno dedicado, responsável e participativo. Realiza tudo o que é solicitado.
Parabéns!!!",1,1,7,25,433
2,"Aluno com capacidade, mas ainda precisa do incentivo do professor para realizar as atividades. 
Acre",2,2,7,25,434
3,"Aluno esforçado tenta realizar todas as atividades, mas ainda não alcançou o resultado esperado.
Jun",3,3,7,25,435
4,"Aluno deixou de realizar algumas tarefas e precisa de constante intervenção do professor.
Você é luz",4,4,7,25,436
1,"Aluno dedicado, responsável e participativo. Realiza tudo o que é solicitado.
Parabéns!!!",1,1,7,24,437
2,"Aluno com capacidade, mas ainda precisa do incentivo do professor para realizar as atividades. 
Acre",2,2,7,24,438
3,"Aluno esforçado tenta realizar todas as atividades, mas ainda não alcançou o resultado esperado.
Jun",3,3,7,24,439
4,"Aluno deixou de realizar algumas tarefas e precisa de constante intervenção do professor.
Você é luz",4,4,7,24,440
1,"Aluno dedicado, responsável e participativo. Realiza tudo o que é solicitado.
Parabéns!!!",1,1,7,29,441
2,"Aluno com capacidade, mas ainda precisa do incentivo do professor para realizar as atividades. 
Acre",2,2,7,29,442
3,"Aluno esforçado tenta realizar todas as atividades, mas ainda não alcançou o resultado esperado.
Jun",3,3,7,29,443
4,"Aluno deixou de realizar algumas tarefas e precisa de constante intervenção do professor.
Você é luz",4,4,7,29,444
1,"Aluno dedicado, responsável e participativo. Realiza tudo o que é solicitado.
Parabéns!!!",1,1,7,32,445
2,"Aluno com capacidade, mas ainda precisa do incentivo do professor para realizar as atividades. 
Acre",2,2,7,32,446
3,"Aluno esforçado tenta realizar todas as atividades, mas ainda não alcançou o resultado esperado.
Jun",3,3,7,32,447
4,"Aluno deixou de realizar algumas tarefas e precisa de constante intervenção do professor.
Você é luz",4,4,7,32,448
1,"Aluno dedicado, responsável e participativo. Realiza tudo o que é solicitado.
Parabéns!!!",1,1,7,54,449
2,"Aluno com capacidade, mas ainda precisa do incentivo do professor para realizar as atividades. 
Acre",2,2,7,54,450
3,"Aluno esforçado tenta realizar todas as atividades, mas ainda não alcançou o resultado esperado.
Jun",3,3,7,54,451
4,"Aluno deixou de realizar algumas tarefas e precisa de constante intervenção do professor.
Você é lu",4,4,7,54,452
1,"Aluno dedicado, responsável e participativo. Realiza tudo o que é solicitado.
Parabéns!!!",1,1,7,59,453
2,"Aluno com capacidade, mas ainda precisa do incentivo do professor para realizar as atividades. 
Acre",2,2,7,59,454
3,"Aluno esforçado tenta realizar todas as atividades, mas ainda não alcançou o resultado esperado.
Jun",3,3,7,59,455
4,"Aluno deixou de realizar algumas tarefas e precisa de constante intervenção do professor.
Você é lu",4,4,7,59,456
5,Aluno não frequentou as aulas durante o Bimestre.,5,5,7,2,457
